id,emission,addedBy,emissionDate,country_code
1,1200.5,Admin,1952-03-12,AF
2,1500.3,Admin,1968-07-21,AF
3,2100.7,Admin,1991-11-02,AF
4,2500.2,Admin,1998-04-17,AF
5,3100.9,Admin,2005-09-29,AF
6,3400.4,Admin,2010-06-11,AF
7,3600.1,Admin,2013-12-22,AF
8,3900.8,Admin,2017-03-08,AF
9,4100.2,Admin,2019-10-14,AF
10,4300.6,Admin,2022-05-26,AF
11,6200.3,Admin,1949-08-10,EG
12,7100.9,Admin,1961-02-23,EG
13,9200.4,Admin,1975-11-03,EG
14,11300.8,Admin,1989-07-14,EG
15,12500.1,Admin,1995-01-29,EG
16,14200.7,Admin,2003-05-10,EG
17,15600.2,Admin,2008-09-19,EG
18,16800.5,Admin,2014-03-02,EG
19,17500.9,Admin,2018-12-25,EG
20,18200.4,Admin,2023-04-17,EG
21,15.2,Admin,1999-06-12,AX
22,18.1,Admin,2005-04-08,AX
23,19.4,Admin,2010-09-27,AX
24,20.2,Admin,2015-02-18,AX
25,21.0,Admin,2020-11-30,AX
26,800.7,Admin,1941-10-02,AL
27,1100.3,Admin,1958-04-07,AL
28,1500.6,Admin,1979-01-28,AL
29,1700.8,Admin,1990-12-03,AL
30,2100.2,Admin,2001-05-25,AL
31,2300.7,Admin,2008-11-16,AL
32,2600.4,Admin,2013-09-11,AL
33,2800.9,Admin,2017-06-22,AL
34,3000.1,Admin,2022-01-30,AL
35,5100.2,Admin,1935-08-19,DZ
36,6300.9,Admin,1952-12-11,DZ
37,7700.6,Admin,1970-03-22,DZ
38,9200.4,Admin,1982-10-07,DZ
39,10400.1,Admin,1993-06-15,DZ
40,11500.8,Admin,2000-02-20,DZ
41,12700.3,Admin,2007-09-14,DZ
42,13800.6,Admin,2013-11-30,DZ
43,14700.9,Admin,2018-07-03,DZ
44,15300.5,Admin,2021-10-29,DZ
45,250.4,Admin,1963-04-17,AD
46,310.2,Admin,1978-09-11,AD
47,420.7,Admin,1985-01-22,AD
48,530.1,Admin,1995-06-14,AD
49,610.8,Admin,2003-02-27,AD
50,680.3,Admin,2009-11-08,AD
51,720.9,Admin,2014-05-19,AD
52,760.4,Admin,2018-12-29,AD
53,800.1,Admin,2021-04-03,AD
54,900.2,Admin,1948-07-14,AO
55,1200.7,Admin,1959-10-22,AO
56,1800.5,Admin,1971-11-05,AO
57,2500.9,Admin,1983-03-19,AO
58,3100.4,Admin,1992-08-08,AO
59,3600.1,Admin,1999-12-21,AO
60,4200.3,Admin,2006-06-02,AO
61,4800.7,Admin,2012-09-17,AO
62,5200.9,Admin,2017-02-27,AO
63,5600.4,Admin,2022-05-18,AO
64,12.4,Admin,1992-03-06,AI
65,14.1,Admin,1998-08-23,AI
66,16.2,Admin,2004-01-14,AI
67,17.3,Admin,2010-10-29,AI
68,19.0,Admin,2018-06-11,AI
69,19.8,Admin,2021-09-09,AI
70,45.2,Admin,1974-02-16,AG
71,52.7,Admin,1983-05-09,AG
72,61.1,Admin,1991-10-22,AG
73,73.8,Admin,2003-07-14,AG
74,84.5,Admin,2010-11-03,AG
75,91.2,Admin,2015-09-19,AG
76,96.7,Admin,2019-03-12,AG
77,101.1,Admin,2023-01-27,AG
78,300.7,Admin,1950-08-26,GQ
79,450.3,Admin,1967-02-15,GQ
80,780.2,Admin,1985-09-04,GQ
81,1150.7,Admin,1995-11-22,GQ
82,1400.3,Admin,2002-03-16,GQ
83,1650.4,Admin,2009-12-10,GQ
84,1820.9,Admin,2014-05-25,GQ
85,1950.2,Admin,2018-08-29,GQ
86,2070.5,Admin,2022-06-07,GQ
87,5200.1,Admin,1939-12-19,AR
88,6300.6,Admin,1953-06-13,AR
89,8100.9,Admin,1971-02-24,AR
90,9800.5,Admin,1982-09-01,AR
91,11000.8,Admin,1990-08-27,AR
92,12500.2,Admin,1999-10-14,AR
93,13800.6,Admin,2005-04-21,AR
94,15000.4,Admin,2010-12-28,AR
95,16400.9,Admin,2016-07-06,AR
96,17200.1,Admin,2020-11-19,AR
97,17700.7,Admin,2023-03-15,AR
98,700.3,Admin,1946-11-03,AM
99,900.7,Admin,1957-05-29,AM
100,1400.5,Admin,1970-08-10,AM
101,1800.2,Admin,1984-03-21,AM
102,2100.9,Admin,1992-07-17,AM
103,2400.4,Admin,1999-11-05,AM
104,2650.7,Admin,2006-01-19,AM
105,2850.2,Admin,2013-10-08,AM
106,3000.1,Admin,2018-04-14,AM
107,3150.8,Admin,2022-12-22,AM
108,80.4,Admin,1996-06-08,AW
109,92.3,Admin,2000-12-21,AW
110,105.7,Admin,2006-05-17,AW
111,118.1,Admin,2011-09-30,AW
112,126.4,Admin,2017-01-10,AW
113,130.9,Admin,2020-07-25,AW
114,135.3,Admin,2023-02-18,AW
115,2500.7,Admin,1951-08-04,AZ
116,3100.1,Admin,1962-11-27,AZ
117,4500.3,Admin,1977-04-18,AZ
118,6200.8,Admin,1986-12-06,AZ
119,7800.4,Admin,1994-09-15,AZ
120,8900.2,Admin,2003-03-02,AZ
121,9500.8,Admin,2008-07-20,AZ
122,10300.3,Admin,2012-11-11,AZ
123,10900.7,Admin,2018-01-29,AZ
124,11300.9,Admin,2021-09-03,AZ
125,1000.3,Admin,1940-10-21,ET
126,1500.7,Admin,1954-02-12,ET
127,2200.6,Admin,1968-05-16, ET
128,2450.2,Admin,1987-10-15, ET
129,2900.1,Admin,1995-01-24, ET
130,3240.7,Admin,2009-10-03, ET
131,3560.1,Admin,2017-11-30, ET
132,3800.0,Admin,2024-02-28, ET
133,8500.4,Admin,1938-05-14,AU
134,10200.9,Admin,1950-09-23,AU
135,12800.3,Admin,1963-02-16,AU
136,15000.7,Admin,1975-11-08,AU
137,16500.1,Admin,1984-06-19,AU
138,17800.4,Admin,1993-04-11,AU
139,19000.9,Admin,2002-01-25,AU
140,20100.6,Admin,2009-10-03,AU
141,21200.2,Admin,2015-03-26,AU
142,21800.8,Admin,2020-08-15,AU
143,22100.4,Admin,2023-06-07,AU
144,1.1,Admin,1980-03-10,HM
145,1.4,Admin,1995-08-22,HM
146,1.6,Admin,2002-01-18,HM
147,1.9,Admin,2010-07-03,HM
148,2.0,Admin,2018-12-29,HM
149,2.1,Admin,2023-04-11,HM
150,150.3,Admin,1949-07-07,BS
151,210.9,Admin,1960-10-30,BS
152,300.4,Admin,1974-01-19,BS
153,380.1,Admin,1987-06-14,BS
154,460.5,Admin,1994-11-27,BS
155,520.9,Admin,2003-03-08,BS
156,580.4,Admin,2010-09-22,BS
157,610.2,Admin,2016-02-05,BS
158,640.7,Admin,2022-11-18,BS
159,500.7,Admin,1962-05-03,BH
160,820.3,Admin,1974-08-09,BH
161,1200.1,Admin,1984-12-20,BH
162,1800.4,Admin,1993-06-01,BH
163,2200.7,Admin,2001-09-14,BH
164,2600.2,Admin,2008-11-27,BH
165,2900.5,Admin,2013-08-19,BH
166,3100.8,Admin,2017-04-02,BH
167,3300.3,Admin,2022-12-13,BH
168,25.1,Admin,1991-11-04,GG
169,28.4,Admin,1999-08-15,GG
170,32.7,Admin,2006-03-22,GG
171,35.1,Admin,2012-06-30,GG
172,37.2,Admin,2018-10-25,GG
173,38.4,Admin,2023-03-12,GG
174,30.2,Admin,1990-02-08,JE
175,34.1,Admin,1997-05-28,JE
176,38.6,Admin,2004-09-14,JE
177,41.3,Admin,2010-12-17,JE
178,44.7,Admin,2016-07-05,JE
179,46.8,Admin,2022-03-19,JE
180,2500.4,Admin,1951-09-20,BD
181,3200.8,Admin,1962-01-17,BD
182,4300.6,Admin,1975-06-11,BD
183,5500.3,Admin,1989-10-02,BD
184,6800.1,Admin,1996-08-25,BD
185,7200.9,Admin,2004-04-18,BD
186,7900.4,Admin,2011-03-29,BD
187,8500.6,Admin,2016-07-22,BD
188,9100.3,Admin,2021-02-13,BD
189,180.3,Admin,1955-03-05,BB
190,250.7,Admin,1967-08-14,BB
191,320.1,Admin,1978-12-09,BB
192,380.4,Admin,1986-05-17,BB
193,430.8,Admin,1994-11-22,BB
194,480.3,Admin,2003-09-10,BB
195,520.9,Admin,2010-07-01,BB
196,545.6,Admin,2016-01-23,BB
197,570.2,Admin,2022-09-30,BB
198,4000.4,Admin,1947-01-22,BY
199,5200.9,Admin,1959-10-28,BY
200,6500.3,Admin,1970-05-17,BY
201,7800.7,Admin,1982-09-29,BY
202,8800.2,Admin,1990-03-10,BY
203,9300.6,Admin,1999-04-19,BY
204,9800.3,Admin,2006-06-05,BY
205,10200.8,Admin,2013-02-18,BY
206,10500.7,Admin,2018-11-11,BY
207,10800.5,Admin,2023-07-16,BY
208,7800.3,Admin,1936-06-10,BE
209,9200.6,Admin,1950-11-08,BE
210,11000.4,Admin,1963-07-17,BE
211,12500.7,Admin,1975-12-19,BE
212,13800.2,Admin,1988-04-23,BE
213,14900.9,Admin,1995-09-08,BE
214,15600.3,Admin,2002-10-26,BE
215,16300.7,Admin,2009-06-03,BE
216,16800.4,Admin,2015-09-14,BE
217,17100.1,Admin,2022-01-29,BE
218,280.5,Admin,1952-08-04,BZ
219,360.2,Admin,1965-11-12,BZ
220,420.8,Admin,1974-03-29,BZ
221,480.4,Admin,1982-07-19,BZ
222,540.9,Admin,1993-04-27,BZ
223,590.3,Admin,2001-06-10,BZ
224,620.7,Admin,2008-02-22,BZ
225,650.1,Admin,2014-05-31,BZ
226,675.4,Admin,2021-03-03,BZ
227,300.4,Admin,1944-07-16,BJ
228,420.9,Admin,1958-03-20,BJ
229,530.2,Admin,1969-06-25,BJ
230,680.1,Admin,1981-02-17,BJ
231,810.4,Admin,1993-12-08,BJ
232,930.7,Admin,2001-07-14,BJ
233,1050.6,Admin,2010-10-23,BJ
234,1170.2,Admin,2016-05-27,BJ
235,1280.8,Admin,2022-10-02,BJ
236,120.6,Admin,1971-01-21,BM
237,160.3,Admin,1984-04-12,BM
238,200.9,Admin,1993-07-03,BM
239,245.2,Admin,2001-10-19,BM
240,280.7,Admin,2008-02-05,BM
241,310.1,Admin,2013-11-26,BM
242,330.5,Admin,2018-04-16,BM
243,345.8,Admin,2023-08-29,BM
244,100.4,Admin,1963-05-28,BT
245,160.8,Admin,1974-11-10,BT
246,210.5,Admin,1986-02-25,BT
247,260.1,Admin,1995-07-13,BT
248,300.7,Admin,2002-10-04,BT
249,350.3,Admin,2009-06-30,BT
250,380.9,Admin,2016-01-19,BT
251,405.4,Admin,2021-09-25,BT
252,900.4,Admin,1949-04-14,BO
253,1300.8,Admin,1958-12-09,BO
254,1800.2,Admin,1971-10-06,BO
255,2300.7,Admin,1982-02-27,BO
256,2800.1,Admin,1990-01-19,BO
257,3100.6,Admin,1998-04-28,BO
258,3450.3,Admin,2006-08-15,BO
259,3800.9,Admin,2012-05-18,BO
260,4200.8,Admin,2018-03-30,BO
261,4450.2,Admin,2022-07-22,BO
262,70.4,Admin,1999-01-08,BQ
263,85.1,Admin,2004-10-15,BQ
264,93.7,Admin,2010-02-21,BQ
265,101.5,Admin,2014-07-29,BQ
266,109.2,Admin,2018-11-18,BQ
267,113.4,Admin,2023-05-01,BQ
268,2200.4,Admin,1953-04-16,BA
269,3100.7,Admin,1967-11-09,BA
270,4200.1,Admin,1979-02-28,BA
271,5100.5,Admin,1988-06-14,BA
272,5900.9,Admin,1996-10-23,BA
273,6300.3,Admin,2003-08-05,BA
274,6700.8,Admin,2010-12-29,BA
275,7000.2,Admin,2016-07-22,BA
276,7250.5,Admin,2022-04-11,BA
277,900.3,Admin,1948-09-30,BW
278,1200.7,Admin,1960-05-21,BW
279,1600.6,Admin,1975-01-12,BW
280,2000.3,Admin,1986-10-08,BW
281,2400.9,Admin,1996-03-26,BW
282,2700.4,Admin,2002-12-14,BW
283,3000.1,Admin,2009-05-17,BW
284,3200.8,Admin,2016-02-01,BW
285,3350.5,Admin,2023-09-19,BW
286,12000.7,Admin,1940-12-18,BR
287,15000.3,Admin,1955-07-03,BR
288,17800.5,Admin,1968-09-22,BR
289,20200.2,Admin,1980-02-07,BR
290,23100.6,Admin,1990-06-14,BR
291,26000.4,Admin,1999-10-01,BR
292,28400.8,Admin,2006-08-11,BR
293,30100.2,Admin,2012-03-27,BR
294,31800.9,Admin,2018-07-09,BR
295,32900.4,Admin,2023-05-18,BR
296,0.9,Admin,1991-02-10,IO
297,1.1,Admin,1999-07-23,IO
298,1.3,Admin,2006-01-12,IO
299,1.4,Admin,2012-11-08,IO
300,1.6,Admin,2018-03-05,IO
301,1.7,Admin,2023-08-27,IO
302,500.2,Admin,1954-03-29,BN
303,900.5,Admin,1968-10-07,BN
304,1400.1,Admin,1978-06-12,BN
305,1800.4,Admin,1989-01-04,BN
306,2200.9,Admin,1996-05-28,BN
307,2500.3,Admin,2004-02-19,BN
308,2800.7,Admin,2010-07-09,BN
309,3000.4,Admin,2017-12-30,BN
310,3150.8,Admin,2022-09-02,BN
311,3000.6,Admin,1949-08-15,BG
312,4200.9,Admin,1960-02-11,BG
313,5600.4,Admin,1972-10-01,BG
314,6900.7,Admin,1983-07-18,BG
315,7800.1,Admin,1992-03-30,BG
316,8400.8,Admin,1998-09-05,BG
317,9000.3,Admin,2005-04-27,BG
318,9500.9,Admin,2011-11-22,BG
319,9900.4,Admin,2018-01-14,BG
320,10100.7,Admin,2023-06-09,BG
321,600.4,Admin,1950-06-02,BF
322,880.1,Admin,1963-03-16,BF
323,1100.5,Admin,1971-11-27,BF
324,1500.2,Admin,1985-04-05,BF
325,1850.7,Admin,1994-12-13,BF
326,2100.4,Admin,2002-09-28,BF
327,2350.8,Admin,2009-03-10,BF
328,2600.3,Admin,2015-07-19,BF
329,2780.6,Admin,2021-11-02,BF
330,500.1,Admin,1947-01-09,BI
331,700.4,Admin,1959-08-12,BI
332,920.8,Admin,1971-03-25,BI
333,1150.2,Admin,1980-07-14,BI
334,1350.5,Admin,1989-04-18,BI
335,1550.9,Admin,1997-01-30,BI
336,1720.4,Admin,2004-08-09,BI
337,1860.7,Admin,2011-06-23,BI
338,1980.3,Admin,2017-11-17,BI
339,2050.8,Admin,2023-02-28,BI
340,50.7,Admin,1980-12-01,KY
341,65.4,Admin,1992-03-08,KY
342,77.9,Admin,2001-05-11,KY
343,85.2,Admin,2009-09-20,KY
344,91.6,Admin,2016-12-14,KY
345,94.3,Admin,2022-10-03,KY
346,3300.4,Admin,1939-04-22,CL
347,4200.9,Admin,1954-02-08,CL
348,5800.1,Admin,1968-05-19,CL
349,7200.6,Admin,1980-11-03,CL
350,8200.3,Admin,1992-09-17,CL
351,9400.4,Admin,2002-03-11,CL
352,10100.9,Admin,2009-08-26,CL
353,10900.2,Admin,2016-01-14,CL
354,11300.7,Admin,2021-05-28,CL
355,8000.3,Admin,1943-06-27,CN
356,12000.1,Admin,1958-11-12,CN
357,15000.9,Admin,1970-09-25,CN
358,19000.3,Admin,1982-04-17,CN
359,24000.7,Admin,1994-03-29,CN
360,30000.4,Admin,2001-07-18,CN
361,35000.8,Admin,2009-10-07,CN
362,41000.1,Admin,2015-02-22,CN
363,45000.9,Admin,2020-04-11,CN
364,47000.6,Admin,2023-08-17,CN
365,20.4,Admin,1982-05-04,CK
366,27.9,Admin,1994-09-21,CK
367,33.2,Admin,2001-11-08,CK
368,38.4,Admin,2009-02-17,CK
369,41.7,Admin,2017-06-03,CK
370,43.1,Admin,2022-12-15,CK
371,900.5,Admin,1952-03-13,CR
372,1300.8,Admin,1963-08-30,CR
373,1700.2,Admin,1977-07-11,CR
374,2100.9,Admin,1988-01-23,CR
375,2600.4,Admin,1996-06-14,CR
376,3100.3,Admin,2003-12-03,CR
377,3500.5,Admin,2010-02-21,CR
378,3800.9,Admin,2016-04-10,CR
379,4050.1,Admin,2022-08-29,CR
380,200.6,Admin,1987-10-05,CW
381,270.3,Admin,1995-07-12,CW
382,320.1,Admin,2004-09-29,CW
383,360.7,Admin,2010-11-06,CW
384,395.4,Admin,2017-03-19,CW
385,420.9,Admin,2023-09-01,CW
386,7800.1,Admin,1941-04-19,DK
387,9000.6,Admin,1956-01-30,DK
388,11000.2,Admin,1969-05-15,DK
389,13000.7,Admin,1983-03-28,DK
390,14200.4,Admin,1993-11-22,DK
391,15300.9,Admin,2001-06-07,DK
392,16200.3,Admin,2009-12-18,DK
393,16900.8,Admin,2015-07-05,DK
394,17300.6,Admin,2021-04-27,DK
395,150.2,Admin,1956-10-18,DM
396,220.8,Admin,1968-02-14,DM
397,310.1,Admin,1977-06-12,DM
398,380.5,Admin,1986-09-03,DM
399,440.9,Admin,1994-01-20,DM
400,500.3,Admin,2002-10-27,DM
401,550.8,Admin,2009-07-13,DM
402,580.2,Admin,2015-11-16,DM
403,610.4,Admin,2022-02-03,DM
404,2300.2,Admin,1948-08-17,DO
405,3000.6,Admin,1960-04-12,DO
406,3900.1,Admin,1974-09-25,DO
407,4700.7,Admin,1988-01-09,DO
408,5500.4,Admin,1997-03-28,DO
409,6200.3,Admin,2004-12-02,DO
410,6900.9,Admin,2010-07-17,DO
411,7200.8,Admin,2016-03-26,DO
412,7500.5,Admin,2022-10-11,DO
413,500.6,Admin,1951-06-15,DJ
414,720.3,Admin,1963-02-27,DJ
415,950.7,Admin,1979-11-04,DJ
416,1180.1,Admin,1990-09-28,DJ
417,1400.2,Admin,1999-04-07,DJ
418,1600.4,Admin,2007-06-30,DJ
419,1780.9,Admin,2014-05-19,DJ
420,1880.3,Admin,2018-01-21,DJ
421,1950.8,Admin,2023-07-13,DJ
422,3200.4,Admin,1947-03-12,EC
423,4500.7,Admin,1962-08-24,EC
424,5800.3,Admin,1974-09-19,EC
425,6900.1,Admin,1986-02-27,EC
426,7800.8,Admin,1994-12-10,EC
427,8600.4,Admin,2002-04-18,EC
428,9300.6,Admin,2009-07-30,EC
429,9800.9,Admin,2015-10-21,EC
430,10200.3,Admin,2021-06-04,EC
431,1800.4,Admin,1950-01-11,SV
432,2500.8,Admin,1963-11-23,SV
433,3400.5,Admin,1976-03-29,SV
434,4200.1,Admin,1985-07-17,SV
435,5000.9,Admin,1996-08-14,SV
436,5600.4,Admin,2004-05-03,SV
437,6100.7,Admin,2011-10-27,SV
438,6450.3,Admin,2016-01-19,SV
439,6750.8,Admin,2022-09-08,SV
440,900.2,Admin,1949-07-28,CI
441,1300.8,Admin,1962-04-13,CI
442,1800.5,Admin,1975-12-17,CI
443,2300.1,Admin,1983-03-23,CI
444,2800.7,Admin,1994-08-06,CI
445,3300.2,Admin,2001-02-11,CI
446,3700.8,Admin,2008-06-29,CI
447,4000.3,Admin,2015-10-10,CI
448,4200.7,Admin,2021-03-18,CI
449,600.1,Admin,1950-09-14,ER
450,820.5,Admin,1963-07-19,ER
451,1100.8,Admin,1974-10-05,ER
452,1400.2,Admin,1985-01-29,ER
453,1700.4,Admin,1996-03-14,ER
454,2000.7,Admin,2003-08-22,ER
455,2250.9,Admin,2010-12-13,ER
456,2450.3,Admin,2016-04-05,ER
457,2600.8,Admin,2022-10-16,ER
458,1500.7,Admin,1940-09-26,EE
459,2200.3,Admin,1954-05-04,EE
460,3300.6,Admin,1970-03-18,EE
461,4500.2,Admin,1981-08-23,EE
462,5200.9,Admin,1990-11-17,EE
463,5800.4,Admin,1999-04-01,EE
464,6300.7,Admin,2008-07-12,EE
465,6700.1,Admin,2015-02-28,EE
466,6900.5,Admin,2021-10-07,EE
467,450.4,Admin,1952-10-18,SZ
468,650.9,Admin,1965-06-14,SZ
469,850.3,Admin,1977-01-29,SZ
470,1050.6,Admin,1988-03-11,SZ
471,1250.1,Admin,1996-09-26,SZ
472,1400.4,Admin,2004-12-02,SZ
473,1550.9,Admin,2010-10-08,SZ
474,1650.3,Admin,2017-06-25,SZ
475,1750.7,Admin,2022-08-30,SZ
476,5500.1,Admin,1938-02-19,FI
477,7200.5,Admin,1951-12-08,FI
478,8800.3,Admin,1966-07-14,FI
479,10100.9,Admin,1979-04-02,FI
480,11500.4,Admin,1990-09-28,FI
481,12800.7,Admin,1999-06-15,FI
482,13600.2,Admin,2007-01-25,FI
483,14400.6,Admin,2014-11-07,FI
484,14900.9,Admin,2021-02-12,FI
485,300.7,Admin,1955-10-02,FJ
486,450.2,Admin,1968-08-21,FJ
487,680.4,Admin,1979-03-06,FJ
488,880.9,Admin,1989-09-15,FJ
489,1100.1,Admin,1998-11-07,FJ
490,1300.6,Admin,2006-04-23,FJ
491,1450.3,Admin,2013-08-12,FJ
492,1570.8,Admin,2018-06-01,FJ
493,1650.5,Admin,2023-09-19,FJ
494,14000.7,Admin,1939-05-21,FR
495,16500.2,Admin,1954-01-03,FR
496,19800.9,Admin,1968-10-15,FR
497,22000.4,Admin,1981-04-27,FR
498,24400.7,Admin,1990-03-19,FR
499,26000.1,Admin,1999-08-08,FR
500,27500.5,Admin,2006-05-12,FR
501,28800.9,Admin,2014-02-22,FR
502,29400.3,Admin,2019-12-29,FR
503,29900.8,Admin,2023-06-17,FR
504,400.2,Admin,1962-11-04,GF
505,550.7,Admin,1974-08-16,GF
506,720.3,Admin,1987-03-29,GF
507,900.6,Admin,1996-02-02,GF
508,1020.9,Admin,2003-06-15,GF
509,1120.4,Admin,2010-08-27,GF
510,1210.7,Admin,2016-12-19,GF
511,1280.3,Admin,2022-05-30,GF
512,1800.6,Admin,1963-07-11,PF
513,2600.1,Admin,1977-01-23,PF
514,3400.8,Admin,1988-05-06,PF
515,4100.3,Admin,1997-12-15,PF
516,4700.6,Admin,2004-10-19,PF
517,5150.2,Admin,2011-06-02,PF
518,5600.7,Admin,2017-04-28,PF
519,5900.5,Admin,2023-01-14,PF
520,15.1,Admin,1985-09-29,TF
521,20.3,Admin,1999-04-12,TF
522,25.8,Admin,2007-07-06,TF
523,28.9,Admin,2015-11-02,TF
524,30.1,Admin,2022-02-22,TF
525,1100.3,Admin,1951-08-09,GA
526,1600.6,Admin,1964-04-21,GA
527,2100.1,Admin,1975-09-16,GA
528,2600.8,Admin,1984-11-12,GA
529,3100.3,Admin,1993-03-03,GA
530,3550.9,Admin,2001-08-29,GA
531,3800.4,Admin,2009-05-21,GA
532,4000.7,Admin,2015-10-14,GA
533,4200.2,Admin,2023-07-04,GA
534,300.9,Admin,1956-01-17,GM
535,430.1,Admin,1967-05-29,GM
536,610.5,Admin,1978-11-10,GM
537,820.8,Admin,1989-03-14,GM
538,940.3,Admin,1996-10-28,GM
539,1080.7,Admin,2004-09-05,GM
540,1210.4,Admin,2011-04-30,GM
541,1300.9,Admin,2017-01-03,GM
542,1380.6,Admin,2022-06-16,GM
543,800.4,Admin,1949-04-08,GE
544,1200.7,Admin,1962-02-20,GE
545,1600.2,Admin,1976-10-04,GE
546,2100.9,Admin,1985-07-26,GE
547,2600.3,Admin,1993-11-15,GE
548,3100.6,Admin,2001-03-22,GE
549,3500.8,Admin,2009-05-14,GE
550,3800.3,Admin,2016-12-01,GE
551,4000.7,Admin,2021-10-28,GE
552,800.4,Admin,1953-02-14,GH
553,1200.7,Admin,1966-11-21,GH
554,1800.3,Admin,1978-08-09,GH
555,2400.1,Admin,1989-04-30,GH
556,2950.8,Admin,1996-12-19,GH
557,3300.4,Admin,2003-07-11,GH
558,3600.9,Admin,2010-03-22,GH
559,3850.3,Admin,2016-05-07,GH
560,4050.6,Admin,2023-02-28,GH
561,60.2,Admin,1981-04-03,GI
562,75.4,Admin,1994-02-17,GI
563,88.9,Admin,2001-12-05,GI
564,95.2,Admin,2011-07-14,GI
565,101.7,Admin,2018-10-09,GI
566,104.1,Admin,2023-05-26,GI
567,120.6,Admin,1960-03-22,GD
568,180.3,Admin,1974-07-18,GD
569,240.8,Admin,1986-10-11,GD
570,300.1,Admin,1994-01-29,GD
571,360.7,Admin,2002-05-03,GD
572,410.2,Admin,2010-09-19,GD
573,450.9,Admin,2016-04-28,GD
574,475.3,Admin,2022-10-13,GD
575,5500.7,Admin,1942-12-21,GR
576,7100.4,Admin,1958-08-05,GR
577,8800.3,Admin,1971-09-17,GR
578,10300.9,Admin,1982-02-24,GR
579,11800.5,Admin,1991-10-03,GR
580,13000.1,Admin,1998-06-27,GR
581,14000.6,Admin,2006-11-08,GR
582,14800.3,Admin,2013-05-19,GR
583,15300.7,Admin,2021-01-29,GR
584,40.4,Admin,1960-10-14,GL
585,55.7,Admin,1976-01-29,GL
586,68.3,Admin,1985-09-05,GL
587,79.2,Admin,1995-03-27,GL
588,90.4,Admin,2004-12-18,GL
589,98.7,Admin,2011-08-02,GL
590,103.5,Admin,2018-06-12,GL
591,107.1,Admin,2023-03-09,GL
592,420.4,Admin,1952-07-10,GP
593,600.9,Admin,1965-05-22,GP
594,780.6,Admin,1974-02-04,GP
595,950.3,Admin,1986-07-16,GP
596,1130.7,Admin,1995-10-29,GP
597,1270.2,Admin,2003-08-19,GP
598,1410.8,Admin,2010-12-14,GP
599,1500.3,Admin,2017-04-03,GP
600,1580.6,Admin,2022-09-22,GP
601,0.0,Admin,1950-01-01,AQ
602,0.0,Admin,1960-01-01,AQ
603,0.0,Admin,1970-01-01,AQ
604,0.0,Admin,1980-01-01,AQ
605,0.1,Admin,1990-01-01,AQ
606,0.1,Admin,2000-01-01,AQ
607,0.2,Admin,2010-01-01,AQ
608,0.2,Admin,2020-01-01,AQ
609,0.2,Admin,2023-01-01,AQ
610,1600.4,Admin,1958-06-18,GU
611,2300.7,Admin,1972-09-12,GU
612,3100.3,Admin,1984-11-27,GU
613,3800.1,Admin,1995-04-14,GU
614,4450.8,Admin,2003-01-20,GU
615,4950.6,Admin,2010-10-09,GU
616,5250.2,Admin,2017-03-03,GU
617,5500.9,Admin,2022-12-11,GU
618,900.6,Admin,1954-02-09,GT
619,1400.2,Admin,1966-10-18,GT
620,1900.9,Admin,1979-12-02,GT
621,2500.6,Admin,1988-09-27,GT
622,2900.4,Admin,1996-04-11,GT
623,3350.8,Admin,2004-08-23,GT
624,3700.3,Admin,2012-05-14,GT
625,3920.7,Admin,2016-01-09,GT
626,4100.4,Admin,2022-07-22,GT
627,500.4,Admin,1952-05-18,GN
628,750.9,Admin,1963-12-06,GN
629,1000.6,Admin,1975-03-29,GN
630,1250.2,Admin,1985-06-19,GN
631,1500.8,Admin,1996-01-24,GN
632,1700.1,Admin,2004-03-08,GN
633,1850.6,Admin,2009-09-14,GN
634,1980.8,Admin,2015-04-17,GN
635,2100.3,Admin,2021-11-26,GN
636,300.4,Admin,1959-04-17,GW
637,450.8,Admin,1971-01-26,GW
638,650.2,Admin,1983-10-14,GW
639,820.6,Admin,1994-06-29,GW
640,950.3,Admin,2002-03-21,GW
641,1070.9,Admin,2009-12-18,GW
642,1180.5,Admin,2016-08-05,GW
643,1240.8,Admin,2022-02-28,GW
644,400.5,Admin,1958-03-11,GY
645,600.7,Admin,1967-07-19,GY
646,880.3,Admin,1978-10-05,GY
647,1120.4,Admin,1987-04-26,GY
648,1400.7,Admin,1996-12-03,GY
649,1650.2,Admin,2003-09-17,GY
650,1850.9,Admin,2010-05-11,GY
651,2000.4,Admin,2016-11-20,GY
652,2120.8,Admin,2023-04-06,GY
653,1200.3,Admin,1940-08-28,HT
654,1800.6,Admin,1957-02-16,HT
655,2400.4,Admin,1969-05-17,HT
656,3100.2,Admin,1980-11-03,HT
657,3600.9,Admin,1992-06-22,HT
658,4000.3,Admin,1999-04-05,HT
659,4300.7,Admin,2006-02-27,HT
660,4550.8,Admin,2012-09-13,HT
661,4700.1,Admin,2019-03-26,HT
662,4850.4,Admin,2023-08-09,HT
663,800.2,Admin,1948-01-07,HN
664,1200.4,Admin,1959-03-20,HN
665,1700.1,Admin,1973-12-25,HN
666,2150.8,Admin,1986-02-10,HN
667,2600.7,Admin,1996-07-14,HN
668,2950.5,Admin,2004-11-09,HN
669,3250.2,Admin,2011-01-18,HN
670,3480.9,Admin,2017-06-28,HN
671,3650.6,Admin,2023-05-15,HN
672,5400.3,Admin,1949-09-03,HK
673,8200.1,Admin,1964-06-14,HK
674,10900.6,Admin,1976-10-29,HK
675,13800.3,Admin,1988-04-18,HK
676,16200.9,Admin,1996-12-05,HK
677,17800.2,Admin,2003-07-23,HK
678,19000.8,Admin,2010-08-30,HK
679,20100.6,Admin,2016-05-02,HK
680,21000.1,Admin,2023-01-12,HK
681,15000.4,Admin,1941-02-28,IN
682,20000.7,Admin,1957-11-10,IN
683,26000.3,Admin,1969-06-25,IN
684,34000.9,Admin,1981-09-21,IN
685,41000.5,Admin,1992-08-11,IN
686,47000.2,Admin,1999-05-19,IN
687,52500.7,Admin,2007-03-08,IN
688,58000.4,Admin,2014-10-26,IN
689,61000.8,Admin,2020-06-30,IN
690,63000.1,Admin,2023-04-17,IN
691,14000.9,Admin,1948-04-14,ID
692,18000.1,Admin,1959-09-22,ID
693,23000.8,Admin,1972-10-30,ID
694,28000.3,Admin,1983-06-17,ID
695,32000.6,Admin,1993-03-09,ID
696,35000.1,Admin,2000-08-27,ID
697,38000.4,Admin,2008-02-11,ID
698,41000.9,Admin,2015-09-03,ID
699,43000.2,Admin,2021-11-08,ID
700,9000.4,Admin,1939-10-21,IQ
701,11500.8,Admin,1952-12-13,IQ
702,14000.7,Admin,1969-08-09,IQ
703,17000.3,Admin,1982-07-14,IQ
704,20000.5,Admin,1990-11-28,IQ
705,22500.1,Admin,1999-09-30,IQ
706,24800.6,Admin,2005-04-07,IQ
707,26700.3,Admin,2012-01-19,IQ
708,28000.9,Admin,2018-06-25,IQ
709,28900.5,Admin,2023-03-04,IQ
710,18000.4,Admin,1943-03-12,IR
711,22000.7,Admin,1956-10-08,IR
712,27000.3,Admin,1970-01-26,IR
713,31000.9,Admin,1981-07-14,IR
714,35000.1,Admin,1990-05-03,IR
715,38000.8,Admin,1998-09-25,IR
716,41000.2,Admin,2005-04-19,IR
717,43000.7,Admin,2012-11-03,IR
718,44500.4,Admin,2017-07-21,IR
719,45800.9,Admin,2023-02-17,IR
720,5500.3,Admin,1940-10-19,IE
721,7200.8,Admin,1954-06-02,IE
722,9000.5,Admin,1968-03-23,IE
723,10500.9,Admin,1981-09-30,IE
724,11800.4,Admin,1992-12-11,IE
725,13000.6,Admin,2001-07-15,IE
726,13800.2,Admin,2008-10-20,IE
727,14400.9,Admin,2015-04-06,IE
728,14900.3,Admin,2021-08-01,IE
729,1200.7,Admin,1949-02-20,IS
730,1800.3,Admin,1960-11-05,IS
731,2400.1,Admin,1976-08-17,IS
732,3100.9,Admin,1989-04-03,IS
733,3700.5,Admin,1997-05-12,IS
734,4200.2,Admin,2004-02-09,IS
735,4550.8,Admin,2011-06-23,IS
736,4800.4,Admin,2017-12-14,IS
737,4950.1,Admin,2023-01-27,IS
738,380.4,Admin,1970-10-28,IM
739,500.8,Admin,1983-05-13,IM
740,620.3,Admin,1992-08-01,IM
741,730.9,Admin,2001-04-26,IM
742,810.4,Admin,2008-11-09,IM
743,870.2,Admin,2015-07-17,IM
744,910.5,Admin,2022-03-10,IM
745,3000.7,Admin,1950-06-18,IL
746,4500.2,Admin,1964-12-29,IL
747,6500.8,Admin,1976-07-21,IL
748,8200.3,Admin,1988-02-03,IL
749,9700.9,Admin,1998-04-14,IL
750,10800.5,Admin,2005-08-03,IL
751,11600.1,Admin,2012-03-30,IL
752,12100.8,Admin,2018-10-17,IL
753,12400.6,Admin,2023-06-02,IL
754,9000.2,Admin,1944-08-26,IT
755,12500.4,Admin,1958-04-04,IT
756,15500.1,Admin,1971-09-30,IT
757,18200.7,Admin,1985-02-16,IT
758,21000.4,Admin,1993-10-07,IT
759,23000.9,Admin,2001-03-28,IT
760,24500.2,Admin,2009-11-04,IT
761,25600.8,Admin,2015-06-13,IT
762,26200.3,Admin,2022-01-22,IT
763,300.6,Admin,1951-05-19,JM
764,520.9,Admin,1964-12-01,JM
765,760.4,Admin,1979-07-16,JM
766,980.1,Admin,1989-09-05,JM
767,1200.7,Admin,1997-03-29,JM
768,1380.2,Admin,2003-08-22,JM
769,1520.6,Admin,2010-01-27,JM
770,1630.4,Admin,2017-05-18,JM
771,1700.8,Admin,2023-02-03,JM
772,18000.3,Admin,1949-09-20,JP
773,24000.7,Admin,1960-03-27,JP
774,31000.2,Admin,1975-11-02,JP
775,38000.8,Admin,1986-06-15,JP
776,43000.4,Admin,1994-04-29,JP
777,47000.1,Admin,2002-02-17,JP
778,49500.5,Admin,2010-07-09,JP
779,51500.8,Admin,2016-05-26,JP
780,53000.3,Admin,2022-09-18,JP
781,400.3,Admin,1954-04-12,YE
782,700.9,Admin,1968-10-22,YE
783,1100.6,Admin,1979-12-30,YE
784,1500.1,Admin,1990-06-05,YE
785,1850.4,Admin,1998-11-13,YE
786,2100.2,Admin,2005-08-27,YE
787,2300.9,Admin,2011-03-19,YE
788,2450.3,Admin,2017-12-08,YE
789,2550.7,Admin,2023-03-14,YE
790,900.5,Admin,1959-01-17,JO
791,1400.1,Admin,1971-08-25,JO
792,2000.8,Admin,1983-03-09,JO
793,2600.3,Admin,1991-11-14,JO
794,3100.7,Admin,1999-07-31,JO
795,3500.2,Admin,2006-02-23,JO
796,3800.9,Admin,2012-06-17,JO
797,4050.4,Admin,2018-01-05,JO
798,4200.6,Admin,2023-10-11,JO
799,50.4,Admin,1980-05-14,VI
800,65.9,Admin,1991-03-07,VI
801,78.3,Admin,2001-10-10,VI
802,90.1,Admin,2008-04-25,VI
803,98.7,Admin,2015-07-30,VI
804,104.2,Admin,2022-06-18,VI
805,40.6,Admin,1978-11-19,VG
806,55.4,Admin,1990-01-13,VG
807,68.9,Admin,1998-10-01,VG
808,80.1,Admin,2004-06-28,VG
809,88.7,Admin,2011-02-07,VG
810,94.3,Admin,2017-12-23,VG
811,97.9,Admin,2023-05-21,VG
812,700.4,Admin,1951-04-21,KH
813,1100.6,Admin,1964-12-03,KH
814,1500.9,Admin,1979-07-25,KH
815,1900.3,Admin,1989-09-14,KH
816,2250.1,Admin,1997-02-01,KH
817,2500.7,Admin,2004-05-29,KH
818,2750.4,Admin,2011-10-02,KH
819,2900.8,Admin,2018-08-09,KH
820,3000.3,Admin,2022-12-17,KH
821,1500.2,Admin,1950-05-12,CM
822,2200.5,Admin,1963-09-07,CM
823,3000.7,Admin,1975-12-18,CM
824,3800.3,Admin,1987-03-23,CM
825,4500.9,Admin,1997-06-02,CM
826,5100.6,Admin,2003-10-29,CM
827,5600.2,Admin,2010-04-21,CM
828,5950.9,Admin,2016-09-17,CM
829,6200.7,Admin,2023-01-08,CM
830,14000.8,Admin,1946-02-25,CA
831,18000.2,Admin,1959-09-30,CA
832,22000.7,Admin,1972-03-27,CA
833,26000.1,Admin,1985-07-04,CA
834,29000.8,Admin,1993-11-19,CA
835,31500.3,Admin,2002-01-15,CA
836,34000.7,Admin,2009-08-13,CA
837,36000.2,Admin,2016-04-09,CA
838,37500.6,Admin,2023-02-24,CA
839,700.3,Admin,1956-01-22,CV
840,1100.9,Admin,1968-09-06,CV
841,1500.4,Admin,1979-02-17,CV
842,1950.1,Admin,1991-06-29,CV
843,2300.7,Admin,2001-03-11,CV
844,2600.4,Admin,2008-12-05,CV
845,2800.8,Admin,2014-07-23,CV
846,2950.2,Admin,2021-10-14,CV
847,17000.5,Admin,1947-11-03,KZ
848,22000.1,Admin,1960-07-21,KZ
849,26500.9,Admin,1972-01-19,KZ
850,30500.3,Admin,1983-05-07,KZ
851,33000.8,Admin,1994-09-29,KZ
852,36000.1,Admin,2001-08-17,KZ
853,38500.4,Admin,2009-11-06,KZ
854,40500.9,Admin,2016-02-13,KZ
855,41800.3,Admin,2023-06-27,KZ
856,28000.4,Admin,1954-05-22,QA
857,33000.8,Admin,1968-02-09,QA
858,37000.3,Admin,1979-03-30,QA
859,40500.1,Admin,1989-12-14,QA
860,44000.7,Admin,1997-09-21,QA
861,47500.2,Admin,2003-06-03,QA
862,49800.6,Admin,2010-01-29,QA
863,51500.9,Admin,2017-05-11,QA
864,52700.1,Admin,2023-09-05,QA
865,1500.4,Admin,1952-03-18,KE
866,2100.8,Admin,1964-10-09,KE
867,2800.1,Admin,1977-01-27,KE
868,3500.6,Admin,1988-08-14,KE
869,4100.9,Admin,1995-05-03,KE
870,4550.3,Admin,2003-11-22,KE
871,4900.7,Admin,2010-02-17,KE
872,5200.4,Admin,2016-06-29,KE
873,5400.8,Admin,2023-09-10,KE
874,800.3,Admin,1958-04-14,KG
875,1200.5,Admin,1969-12-07,KG
876,1600.8,Admin,1981-08-30,KG
877,2000.1,Admin,1990-06-28,KG
878,2400.7,Admin,1998-05-22,KG
879,2700.3,Admin,2005-04-09,KG
880,2950.9,Admin,2013-07-19,KG
881,3100.2,Admin,2019-11-05,KG
882,3200.6,Admin,2023-03-28,KG
883,15.3,Admin,1980-10-11,KI
884,20.7,Admin,1992-05-07,KI
885,25.1,Admin,2001-09-20,KI
886,29.4,Admin,2008-03-29,KI
887,31.8,Admin,2015-12-01,KI
888,33.2,Admin,2022-06-17,KI
889,5.1,Admin,1984-01-09,CC
890,7.3,Admin,1995-11-18,CC
891,9.2,Admin,2004-04-23,CC
892,10.8,Admin,2011-12-14,CC
893,11.6,Admin,2018-08-30,CC
894,12.0,Admin,2023-05-09,CC
895,9000.6,Admin,1949-08-03,CO
896,13000.2,Admin,1963-07-19,CO
897,17000.8,Admin,1975-10-01,CO
898,20400.3,Admin,1986-06-15,CO
899,23500.1,Admin,1996-09-22,CO
900,26000.7,Admin,2004-12-04,CO
901,28100.9,Admin,2010-02-11,CO
902,29800.3,Admin,2016-07-08,CO
903,31000.6,Admin,2022-11-17,CO
904,300.4,Admin,1954-06-25,KM
905,420.1,Admin,1966-12-14,KM
906,550.8,Admin,1979-03-18,KM
907,710.2,Admin,1988-05-29,KM
908,820.7,Admin,1997-01-09,KM
909,930.4,Admin,2004-09-21,KM
910,1020.9,Admin,2011-08-30,KM
911,1090.6,Admin,2016-10-18,KM
912,1150.3,Admin,2023-04-07,KM
913,5000.5,Admin,1943-11-29,CD
914,7800.1,Admin,1957-03-13,CD
915,10200.8,Admin,1970-08-27,CD
916,12800.2,Admin,1984-04-06,CD
917,15000.9,Admin,1993-09-02,CD
918,17000.3,Admin,2002-02-18,CD
919,18500.6,Admin,2010-06-11,CD
920,19700.4,Admin,2016-12-28,CD
921,20400.8,Admin,2023-05-15,CD
922,1400.7,Admin,1948-09-03,CG
923,2000.3,Admin,1962-10-28,CG
924,2900.8,Admin,1976-02-12,CG
925,3600.6,Admin,1987-05-19,CG
926,4200.3,Admin,1996-01-23,CG
927,4800.9,Admin,2003-07-08,CG
928,5300.4,Admin,2010-03-09,CG
929,5650.7,Admin,2017-04-25,CG
930,5900.1,Admin,2023-01-10,CG
931,20000.4,Admin,1946-12-17,KP
932,24000.7,Admin,1960-05-08,KP
933,28000.1,Admin,1974-10-19,KP
934,31000.9,Admin,1986-02-14,KP
935,33500.6,Admin,1995-09-07,KP
936,36000.3,Admin,2002-04-22,KP
937,38000.8,Admin,2008-11-01,KP
938,39500.4,Admin,2015-06-18,KP
939,40500.7,Admin,2023-07-03,KP
940,10000.3,Admin,1945-07-22,KR
941,15000.9,Admin,1958-01-02,KR
942,21000.4,Admin,1971-10-11,KR
943,27000.8,Admin,1982-05-09,KR
944,32000.2,Admin,1992-09-29,KR
945,36000.7,Admin,1999-12-24,KR
946,39500.3,Admin,2006-04-02,KR
947,42000.8,Admin,2014-08-11,KR
948,43800.5,Admin,2021-10-21,KR
949,500.4,Admin,2000-01-01,XK
950,650.9,Admin,2003-10-11,XK
951,900.6,Admin,2007-06-29,XK
952,1150.3,Admin,2011-11-04,XK
953,1400.8,Admin,2015-04-17,XK
954,1600.2,Admin,2018-09-29,XK
955,1750.5,Admin,2023-02-13,XK
956,2200.5,Admin,1952-04-29,HR
957,3100.9,Admin,1966-12-23,HR
958,3800.6,Admin,1978-06-15,HR
959,4500.1,Admin,1988-11-04,HR
960,5100.7,Admin,1998-03-19,HR
961,5600.4,Admin,2004-09-09,HR
962,6000.8,Admin,2011-10-03,HR
963,6200.3,Admin,2017-05-26,HR
964,6400.9,Admin,2023-06-17,HR
965,3000.4,Admin,1959-08-14,CU
966,4200.8,Admin,1971-05-02,CU
967,5500.6,Admin,1982-02-27,CU
968,6800.3,Admin,1991-12-16,CU
969,7500.9,Admin,1999-07-05,CU
970,8150.3,Admin,2007-10-08,CU
971,8600.7,Admin,2014-03-14,CU
972,8900.1,Admin,2021-09-27,CU
973,6500.3,Admin,1947-05-30,KW
974,9500.7,Admin,1959-02-16,KW
975,13000.5,Admin,1973-06-28,KW
976,16500.9,Admin,1986-01-14,KW
977,19500.2,Admin,1996-04-10,KW
978,22500.8,Admin,2003-03-29,KW
979,24500.4,Admin,2010-08-17,KW
980,26000.7,Admin,2016-11-22,KW
981,27000.3,Admin,2023-04-06,KW
982,700.4,Admin,1954-11-12,LA
983,1100.1,Admin,1966-07-25,LA
984,1500.9,Admin,1978-03-15,LA
985,1800.5,Admin,1988-10-27,LA
986,2200.8,Admin,1995-05-19,LA
987,2500.3,Admin,2003-01-10,LA
988,2750.7,Admin,2010-07-06,LA
989,2900.2,Admin,2017-09-18,LA
990,3000.4,Admin,2023-08-22,LA
991,500.6,Admin,1951-09-17,LS
992,780.2,Admin,1964-12-08,LS
993,1050.8,Admin,1976-02-23,LS
994,1380.5,Admin,1988-03-03,LS
995,1650.1,Admin,1996-06-27,LS
996,1850.9,Admin,2004-10-02,LS
997,2000.4,Admin,2011-07-14,LS
998,2120.7,Admin,2017-05-11,LS
999,2200.3,Admin,2023-02-08,LS
1000,1500.3,Admin,1946-10-15,LV
1001,2200.1,Admin,1960-02-04,LV
1002,3100.8,Admin,1974-06-28,LV
1003,3800.2,Admin,1984-09-17,LV
1004,4400.6,Admin,1993-11-05,LV
1005,4850.3,Admin,1999-07-20,LV
1006,5200.9,Admin,2008-03-12,LV
1007,5500.4,Admin,2015-06-21,LV
1008,5700.7,Admin,2022-09-01,LV
1009,1900.7,Admin,1948-05-02,LB
1010,2700.4,Admin,1961-03-11,LB
1011,3500.9,Admin,1976-08-19,LB
1012,4200.6,Admin,1988-10-09,LB
1013,4800.1,Admin,1996-09-25,LB
1014,5300.3,Admin,2003-04-07,LB
1015,5650.8,Admin,2010-02-18,LB
1016,5900.4,Admin,2016-11-23,LB
1017,6100.7,Admin,2023-10-03,LB
1018,600.4,Admin,1952-03-28,LR
1019,900.7,Admin,1964-08-19,LR
1020,1300.3,Admin,1975-12-07,LR
1021,1700.9,Admin,1987-02-11,LR
1022,2100.5,Admin,1996-11-01,LR
1023,2400.2,Admin,2003-06-23,LR
1024,2650.8,Admin,2011-09-14,LR
1025,2800.4,Admin,2017-05-09,LR
1026,2900.7,Admin,2023-01-27,LR
1027,2500.3,Admin,1949-07-01,LY
1028,3800.9,Admin,1962-05-15,LY
1029,5200.6,Admin,1975-01-07,LY
1030,6500.4,Admin,1987-04-20,LY
1031,7800.1,Admin,1996-08-09,LY
1032,8900.7,Admin,2003-12-02,LY
1033,9700.8,Admin,2010-06-11,LY
1034,10200.2,Admin,2016-10-04,LY
1035,10500.9,Admin,2023-05-17,LY
1036,80.4,Admin,1958-09-29,LI
1037,130.7,Admin,1969-01-25,LI
1038,180.1,Admin,1978-03-18,LI
1039,230.8,Admin,1988-07-22,LI
1040,270.3,Admin,1994-12-14,LI
1041,310.5,Admin,2003-11-10,LI
1042,340.9,Admin,2012-08-01,LI
1043,360.6,Admin,2018-09-27,LI
1044,375.4,Admin,2023-03-06,LI
1045,1500.9,Admin,1947-04-30,LT
1046,2400.3,Admin,1963-05-29,LT
1047,3200.7,Admin,1977-09-16,LT
1048,4000.1,Admin,1990-02-08,LT
1049,4700.8,Admin,1999-01-03,LT
1050,5200.4,Admin,2005-08-20,LT
1051,5600.9,Admin,2012-04-14,LT
1052,5900.6,Admin,2018-10-31,LT
1053,6100.2,Admin,2023-08-27,LT
1054,2800.4,Admin,1954-10-15,LU
1055,3900.6,Admin,1968-02-19,LU
1056,5000.3,Admin,1979-07-22,LU
1057,6100.7,Admin,1988-03-29,LU
1058,7000.2,Admin,1996-12-12,LU
1059,7600.8,Admin,2004-09-04,LU
1060,8150.1,Admin,2010-06-17,LU
1061,8450.9,Admin,2016-10-05,LU
1062,8700.3,Admin,2023-06-19,LU
1063,900.7,Admin,1959-11-18,MO
1064,1300.2,Admin,1970-08-30,MO
1065,1800.8,Admin,1985-05-13,MO
1066,2300.3,Admin,1994-10-04,MO
1067,2700.7,Admin,2001-04-29,MO
1068,3000.4,Admin,2007-12-21,MO
1069,3220.9,Admin,2014-07-15,MO
1070,3380.2,Admin,2021-03-08,MO
1071,600.5,Admin,1946-06-02,MG
1072,900.4,Admin,1960-09-27,MG
1073,1300.8,Admin,1975-07-02,MG
1074,1700.2,Admin,1988-01-22,MG
1075,2100.7,Admin,1996-10-30,MG
1076,2400.3,Admin,2003-04-07,MG
1077,2650.9,Admin,2010-12-12,MG
1078,2800.4,Admin,2018-06-17,MG
1079,2950.6,Admin,2023-01-14,MG
1080,300.4,Admin,1958-08-09,MW
1081,450.7,Admin,1970-03-18,MW
1082,700.2,Admin,1982-12-24,MW
1083,900.9,Admin,1994-10-01,MW
1084,1100.3,Admin,2002-02-19,MW
1085,1300.7,Admin,2009-07-28,MW
1086,1450.5,Admin,2016-09-08,MW
1087,1550.9,Admin,2023-04-21,MW
1088,35000.4,Admin,1951-01-27,MY
1089,45000.8,Admin,1964-09-22,MY
1090,52000.2,Admin,1978-04-14,MY
1091,59000.7,Admin,1989-11-08,MY
1092,64000.4,Admin,1997-06-28,MY
1093,69000.9,Admin,2004-08-21,MY
1094,72000.1,Admin,2011-03-07,MY
1095,75500.6,Admin,2017-02-11,MY
1096,78000.3,Admin,2023-09-26,MY
1097,400.6,Admin,1961-10-10,MV
1098,600.2,Admin,1973-04-03,MV
1099,900.8,Admin,1986-02-14,MV
1100,1200.4,Admin,1998-06-05,MV
1101,1450.9,Admin,2004-11-30,MV
1102,1650.3,Admin,2012-01-27,MV
1103,1780.7,Admin,2018-08-22,MV
1104,1850.1,Admin,2023-04-30,MV
1105,1200.5,Admin,1947-07-05,ML
1106,1700.8,Admin,1962-03-29,ML
1107,2400.4,Admin,1978-06-18,ML
1108,3000.1,Admin,1987-10-23,ML
1109,3500.7,Admin,1996-05-16,ML
1110,3900.3,Admin,2003-12-03,ML
1111,4200.8,Admin,2010-08-29,ML
1112,4450.2,Admin,2017-02-04,ML
1113,4600.6,Admin,2023-05-12,ML
1114,2000.4,Admin,1948-04-09,MT
1115,2800.7,Admin,1961-08-14,MT
1116,3600.2,Admin,1974-03-30,MT
1117,4300.9,Admin,1985-09-11,MT
1118,4900.4,Admin,1996-02-02,MT
1119,5300.8,Admin,2004-05-24,MT
1120,5650.1,Admin,2011-11-13,MT
1121,5850.9,Admin,2018-10-30,MT
1122,6000.6,Admin,2023-06-28,MT
1123,80.4,Admin,1960-06-19,MP
1124,120.8,Admin,1974-10-12,MP
1125,180.1,Admin,1988-01-30,MP
1126,230.6,Admin,1998-09-15,MP
1127,270.9,Admin,2005-05-22,MP
1128,300.4,Admin,2012-04-26,MP
1129,320.7,Admin,2018-07-09,MP
1130,335.1,Admin,2023-02-17,MP
1131,3800.5,Admin,1951-12-27,MA
1132,5500.8,Admin,1965-10-03,MA
1133,7200.4,Admin,1979-07-29,MA
1134,8800.9,Admin,1991-06-15,MA
1135,10100.3,Admin,1999-12-08,MA
1136,11200.7,Admin,2007-03-21,MA
1137,12050.4,Admin,2012-10-09,MA
1138,12600.8,Admin,2018-09-22,MA
1139,12900.6,Admin,2023-05-04,MA
1140,150.3,Admin,1961-09-03,MH
1141,220.8,Admin,1974-11-29,MH
1142,300.6,Admin,1987-07-21,MH
1143,380.1,Admin,1995-10-07,MH
1144,450.9,Admin,2002-12-31,MH
1145,500.4,Admin,2009-03-18,MH
1146,540.7,Admin,2015-08-27,MH
1147,560.2,Admin,2023-01-29,MH
1148,550.4,Admin,1953-03-13,MQ
1149,800.9,Admin,1966-01-24,MQ
1150,1050.1,Admin,1977-09-06,MQ
1151,1300.7,Admin,1988-11-18,MQ
1152,1550.9,Admin,1996-08-29,MQ
1153,1750.4,Admin,2004-05-14,MQ
1154,1900.3,Admin,2011-02-07,MQ
1155,1980.8,Admin,2018-09-02,MQ
1156,2050.1,Admin,2023-03-16,MQ
1157,600.3,Admin,1950-12-01,MR
1158,850.7,Admin,1963-04-26,MR
1159,1150.2,Admin,1977-10-13,MR
1160,1500.8,Admin,1989-06-02,MR
1161,1800.4,Admin,1998-07-25,MR
1162,2050.9,Admin,2003-11-17,MR
1163,2250.5,Admin,2011-09-08,MR
1164,2380.2,Admin,2017-02-22,MR
1165,2470.8,Admin,2023-09-21,MR
1166,1200.6,Admin,1957-03-09,MU
1167,1800.3,Admin,1968-05-30,MU
1168,2400.7,Admin,1978-02-16,MU
1169,2950.1,Admin,1988-12-09,MU
1170,3400.8,Admin,1996-04-18,MU
1171,3800.5,Admin,2003-01-14,MU
1172,4100.9,Admin,2010-07-05,MU
1173,4350.3,Admin,2017-06-27,MU
1174,4500.7,Admin,2023-01-09,MU
1175,90.4,Admin,1978-01-16,YT
1176,140.9,Admin,1992-03-12,YT
1177,190.5,Admin,2001-11-29,YT
1178,230.8,Admin,2009-08-14,YT
1179,260.3,Admin,2017-04-19,YT
1180,275.6,Admin,2023-06-08,YT
1181,18000.4,Admin,1948-04-29,MX
1182,23000.7,Admin,1962-10-13,MX
1183,28000.3,Admin,1974-06-22,MX
1184,33000.9,Admin,1985-09-11,MX
1185,37500.4,Admin,1994-03-27,MX
1186,41000.6,Admin,2002-08-19,MX
1187,44500.1,Admin,2009-07-04,MX
1188,46800.5,Admin,2015-12-21,MX
1189,48200.9,Admin,2023-01-29,MX
1190,200.5,Admin,1960-03-02,FM
1191,320.8,Admin,1974-12-15,FM
1192,450.1,Admin,1988-06-10,FM
1193,580.7,Admin,1998-08-19,FM
1194,690.3,Admin,2005-04-07,FM
1195,770.9,Admin,2012-02-28,FM
1196,820.4,Admin,2018-01-19,FM
1197,850.2,Admin,2023-03-11,FM
1198,3000.4,Admin,1952-12-27,MD
1199,4200.8,Admin,1963-07-19,MD
1200,5500.2,Admin,1977-01-06,MD
1201,6600.9,Admin,1988-09-15,MD
1202,7600.3,Admin,1996-11-29,MD
1203,8200.7,Admin,2003-05-27,MD
1204,8750.4,Admin,2011-03-12,MD
1205,9100.9,Admin,2017-10-05,MD
1206,9350.2,Admin,2023-06-17,MD
1207,700.4,Admin,1955-02-14,MC
1208,950.9,Admin,1968-06-01,MC
1209,1300.2,Admin,1980-08-25,MC
1210,1550.7,Admin,1988-10-17,MC
1211,1800.4,Admin,1997-01-08,MC
1212,2050.9,Admin,2004-04-29,MC
1213,2220.3,Admin,2011-02-14,MC
1214,2330.8,Admin,2018-06-10,MC
1215,2400.1,Admin,2023-09-04,MC
1216,1800.7,Admin,1947-03-14,MN
1217,2600.3,Admin,1960-02-03,MN
1218,3400.9,Admin,1972-11-18,MN
1219,4200.6,Admin,1986-03-25,MN
1220,5000.1,Admin,1996-05-12,MN
1221,5600.4,Admin,2004-07-07,MN
1222,6100.8,Admin,2010-10-14,MN
1223,6450.2,Admin,2017-08-01,MN
1224,6700.7,Admin,2023-02-28,MN
1225,2400.5,Admin,1953-01-29,ME
1226,3200.9,Admin,1967-04-10,ME
1227,4000.3,Admin,1979-06-22,ME
1228,4700.8,Admin,1989-03-03,ME
1229,5300.4,Admin,1999-05-14,ME
1230,5800.2,Admin,2006-11-05,ME
1231,6200.7,Admin,2013-09-30,ME
1232,6500.1,Admin,2018-12-08,ME
1233,6700.9,Admin,2023-06-19,ME
1234,100.4,Admin,1961-10-12,MS
1235,150.9,Admin,1974-04-29,MS
1236,205.5,Admin,1987-11-21,MS
1237,255.1,Admin,1996-08-02,MS
1238,300.7,Admin,2003-05-30,MS
1239,335.2,Admin,2010-01-14,MS
1240,360.6,Admin,2017-03-04,MS
1241,375.1,Admin,2023-04-22,MS
1242,900.3,Admin,1954-09-08,MZ
1243,1200.8,Admin,1968-02-27,MZ
1244,1600.2,Admin,1979-06-18,MZ
1245,2000.9,Admin,1988-03-26,MZ
1246,2400.5,Admin,1997-01-07,MZ
1247,2650.3,Admin,2003-12-02,MZ
1248,2900.7,Admin,2010-10-22,MZ
1249,3050.4,Admin,2016-05-05,MZ
1250,3180.8,Admin,2022-08-17,MZ
1251,1500.2,Admin,1953-11-10,MM
1252,2100.9,Admin,1965-07-04,MM
1253,2700.3,Admin,1979-02-23,MM
1254,3300.8,Admin,1987-10-11,MM
1255,3800.4,Admin,1996-06-14,MM
1256,4200.9,Admin,2004-09-29,MM
1257,4500.6,Admin,2009-12-12,MM
1258,4750.3,Admin,2016-07-18,MM
1259,4900.8,Admin,2023-03-03,MM
1260,1200.3,Admin,1952-08-28,NA
1261,1800.7,Admin,1963-01-15,NA
1262,2400.1,Admin,1977-05-11,NA
1263,3000.4,Admin,1988-12-23,NA
1264,3600.9,Admin,1997-08-02,NA
1265,4100.5,Admin,2003-10-09,NA
1266,4450.2,Admin,2011-05-30,NA
1267,4700.8,Admin,2017-04-27,NA
1268,4850.4,Admin,2023-07-19,NA
1269,8.7,Admin,1990-07-11,NR
1270,11.3,Admin,2002-03-29,NR
1271,13.9,Admin,2009-01-20,NR
1272,15.2,Admin,2016-06-03,NR
1273,16.0,Admin,2023-01-26,NR
1274,700.4,Admin,1957-03-14,NP
1275,1100.8,Admin,1970-11-08,NP
1276,1600.1,Admin,1982-02-22,NP
1277,2100.6,Admin,1994-12-30,NP
1278,2600.9,Admin,2003-08-23,NP
1279,3000.3,Admin,2011-03-15,NP
1280,3250.7,Admin,2017-07-09,NP
1281,3400.4,Admin,2022-10-04,NP
1282,800.3,Admin,1950-10-22,NC
1283,1200.6,Admin,1963-03-18,NC
1284,1600.9,Admin,1978-02-07,NC
1285,1900.1,Admin,1986-04-19,NC
1286,2200.4,Admin,1996-01-08,NC
1287,2450.7,Admin,2004-07-25,NC
1288,2650.3,Admin,2012-12-16,NC
1289,2800.9,Admin,2018-10-02,NC
1290,2900.6,Admin,2023-08-14,NC
1291,3500.4,Admin,1949-05-14,NZ
1292,5000.8,Admin,1962-11-06,NZ
1293,6500.2,Admin,1975-04-25,NZ
1294,8000.9,Admin,1988-09-23,NZ
1295,9300.5,Admin,1996-10-12,NZ
1296,10300.1,Admin,2004-01-31,NZ
1297,11000.6,Admin,2011-11-29,NZ
1298,11500.2,Admin,2017-04-08,NZ
1299,11800.7,Admin,2023-03-26,NZ
1300,1000.4,Admin,1959-02-27,NI
1301,1500.7,Admin,1971-07-18,NI
1302,2100.2,Admin,1983-11-03,NI
1303,2600.8,Admin,1994-09-29,NI
1304,3000.4,Admin,2003-08-12,NI
1305,3300.1,Admin,2009-10-23,NI
1306,3500.6,Admin,2015-03-14,NI
1307,3650.3,Admin,2021-06-07,NI
1308,9000.3,Admin,1954-09-12,NL
1309,13000.7,Admin,1967-12-27,NL
1310,17000.3,Admin,1978-08-22,NL
1311,21000.8,Admin,1990-02-09,NL
1312,24000.5,Admin,1998-06-21,NL
1313,26500.1,Admin,2006-03-15,NL
1314,28000.8,Admin,2013-04-06,NL
1315,29200.2,Admin,2018-12-17,NL
1316,29900.7,Admin,2023-09-14,NL
1317,700.4,Admin,1953-05-27,NE
1318,1100.8,Admin,1968-11-10,NE
1319,1500.3,Admin,1978-07-03,NE
1320,1900.7,Admin,1989-03-28,NE
1321,2250.1,Admin,1997-04-11,NE
1322,2500.6,Admin,2005-08-09,NE
1323,2700.4,Admin,2011-01-30,NE
1324,2850.8,Admin,2017-10-02,NE
1325,2950.3,Admin,2023-07-27,NE
1326,3000.3,Admin,1951-08-02,NG
1327,4500.9,Admin,1960-10-25,NG
1328,6500.5,Admin,1979-01-30,NG
1329,8200.1,Admin,1990-04-14,NG
1330,9800.4,Admin,1998-12-29,NG
1331,11000.7,Admin,2007-03-17,NG
1332,12050.2,Admin,2012-06-01,NG
1333,12800.9,Admin,2018-05-13,NG
1334,13200.4,Admin,2023-02-08,NG
1335,20.4,Admin,1980-02-17,NU
1336,27.8,Admin,1993-04-28,NU
1337,33.5,Admin,2002-06-13,NU
1338,38.2,Admin,2010-05-19,NU
1339,41.3,Admin,2017-09-07,NU
1340,43.0,Admin,2023-01-31,NU
1341,2000.4,Admin,1952-02-11,MK
1342,3000.7,Admin,1967-09-25,MK
1343,3800.2,Admin,1979-03-17,MK
1344,4500.6,Admin,1988-11-29,MK
1345,5100.3,Admin,1997-04-08,MK
1346,5600.9,Admin,2004-10-21,MK
1347,6000.4,Admin,2011-06-12,MK
1348,6250.7,Admin,2017-09-04,MK
1349,6400.1,Admin,2023-07-19,MK
1350,50.3,Admin,1971-06-29,NF
1351,70.9,Admin,1985-01-03,NF
1352,90.5,Admin,1994-11-27,NF
1353,110.2,Admin,2002-06-18,NF
1354,125.7,Admin,2009-09-09,NF
1355,135.3,Admin,2016-03-15,NF
1356,142.6,Admin,2023-04-22,NF
1357,8000.4,Admin,1946-05-06,NO
1358,11000.7,Admin,1959-12-19,NO
1359,14000.2,Admin,1973-03-03,NO
1360,17000.9,Admin,1987-08-14,NO
1361,19500.4,Admin,1996-04-09,NO
1362,21500.8,Admin,2004-01-22,NO
1363,23000.3,Admin,2010-10-02,NO
1364,24000.7,Admin,2017-11-17,NO
1365,24700.5,Admin,2023-05-13,NO
1366,3000.8,Admin,1953-08-20,OM
1367,4800.4,Admin,1967-11-06,OM
1368,6500.9,Admin,1979-01-28,OM
1369,8200.1,Admin,1986-03-12,OM
1370,9800.7,Admin,1998-10-19,OM
1371,11000.5,Admin,2004-06-03,OM
1372,12100.2,Admin,2011-04-21,OM
1373,13000.6,Admin,2016-08-13,OM
1374,13600.9,Admin,2023-09-01,OM
1375,8000.1,Admin,1949-09-16,AT
1376,11000.4,Admin,1961-05-12,AT
1377,13500.3,Admin,1975-12-04,AT
1378,16000.9,Admin,1987-03-21,AT
1379,17800.5,Admin,1998-09-27,AT
1380,19200.1,Admin,2004-02-10,AT
1381,20500.7,Admin,2010-06-29,AT
1382,21400.3,Admin,2016-11-06,AT
1383,22000.8,Admin,2023-04-08,AT
1384,300.4,Admin,1971-01-14,TL
1385,500.9,Admin,1988-09-03,TL
1386,750.6,Admin,1999-02-21,TL
1387,950.3,Admin,2004-12-19,TL
1388,1100.7,Admin,2010-08-10,TL
1389,1250.2,Admin,2017-05-01,TL
1390,1330.8,Admin,2023-02-27,TL
1391,5000.4,Admin,1947-09-10,PK
1392,8000.9,Admin,1962-03-29,PK
1393,12000.6,Admin,1976-06-15,PK
1394,16000.3,Admin,1989-12-05,PK
1395,19500.8,Admin,1998-07-18,PK
1396,22500.2,Admin,2004-05-03,PK
1397,24500.7,Admin,2010-11-22,PK
1398,26000.4,Admin,2016-06-30,PK
1399,27000.9,Admin,2023-08-14,PK
1400,700.3,Admin,1958-04-18,PS
1401,1000.7,Admin,1970-02-28,PS
1402,1500.2,Admin,1979-09-19,PS
1403,2000.9,Admin,1989-11-17,PS
1404,2400.5,Admin,1998-01-06,PS
1405,2700.8,Admin,2004-10-29,PS
1406,3000.3,Admin,2010-08-12,PS
1407,3200.1,Admin,2017-03-10,PS
1408,3350.4,Admin,2023-09-02,PS
1409,40.4,Admin,1965-06-27,PW
1410,60.8,Admin,1977-05-09,PW
1411,90.3,Admin,1989-03-30,PW
1412,110.6,Admin,1997-11-14,PW
1413,130.1,Admin,2003-09-10,PW
1414,145.5,Admin,2010-02-25,PW
1415,155.8,Admin,2016-10-31,PW
1416,162.4,Admin,2023-01-22,PW
1417,2500.4,Admin,1954-11-20,PA
1418,3800.8,Admin,1968-03-12,PA
1419,5200.1,Admin,1980-04-29,PA
1420,6400.7,Admin,1992-08-08,PA
1421,7400.3,Admin,1999-06-27,PA
1422,8200.9,Admin,2006-03-09,PA
1423,8800.2,Admin,2012-01-25,PA
1424,9200.8,Admin,2018-05-03,PA
1425,9500.6,Admin,2023-07-19,PA
1426,1200.5,Admin,1952-06-10,PG
1427,1800.8,Admin,1964-03-17,PG
1428,2400.2,Admin,1978-02-09,PG
1429,3100.9,Admin,1989-05-30,PG
1430,3600.4,Admin,1996-09-22,PG
1431,3950.7,Admin,2003-06-04,PG
1432,4300.3,Admin,2011-01-13,PG
1433,4550.8,Admin,2017-02-08,PG
1434,4700.1,Admin,2023-08-27,PG
1435,1600.3,Admin,1953-04-02,PY
1436,2300.7,Admin,1967-06-19,PY
1437,3000.2,Admin,1979-11-05,PY
1438,3600.9,Admin,1988-07-21,PY
1439,4100.4,Admin,1997-05-16,PY
1440,4500.1,Admin,2004-03-11,PY
1441,4800.7,Admin,2011-09-30,PY
1442,5000.4,Admin,2017-03-18,PY
1443,5150.6,Admin,2023-05-01,PY
1444,7000.3,Admin,1948-02-12,PE
1445,9500.8,Admin,1960-10-28,PE
1446,12500.1,Admin,1974-07-06,PE
1447,15800.9,Admin,1988-09-17,PE
1448,18000.2,Admin,1999-02-11,PE
1449,19800.7,Admin,2004-10-19,PE
1450,21200.1,Admin,2010-07-22,PE
1451,22400.8,Admin,2017-04-30,PE
1452,23100.4,Admin,2023-06-14,PE
1453,9000.8,Admin,1952-09-07,PH
1454,13000.4,Admin,1966-04-18,PH
1455,17000.9,Admin,1978-03-20,PH
1456,21000.6,Admin,1986-12-27,PH
1457,24500.3,Admin,1998-11-08,PH
1458,27200.7,Admin,2006-01-17,PH
1459,29500.1,Admin,2012-08-03,PH
1460,31000.5,Admin,2017-10-29,PH
1461,32000.9,Admin,2023-01-11,PH
1462,5.4,Admin,1961-11-10,PN
1463,7.8,Admin,1972-08-24,PN
1464,10.1,Admin,1983-04-02,PN
1465,12.9,Admin,1996-12-08,PN
1466,14.3,Admin,2003-06-21,PN
1467,15.6,Admin,2012-09-17,PN
1468,16.2,Admin,2019-04-27,PN
1469,16.8,Admin,2023-03-15,PN
1470,12000.3,Admin,1947-10-03,PL
1471,16500.9,Admin,1960-12-19,PL
1472,21000.2,Admin,1975-03-03,PL
1473,24500.7,Admin,1988-11-07,PL
1474,27000.4,Admin,1999-07-15,PL
1475,29000.8,Admin,2004-02-21,PL
1476,30500.1,Admin,2011-06-29,PL
1477,31700.9,Admin,2017-09-13,PL
1478,32500.5,Admin,2023-05-24,PL
1479,9000.5,Admin,1946-06-04,PT
1480,13500.8,Admin,1961-02-13,PT
1481,17200.3,Admin,1974-05-22,PT
1482,20500.6,Admin,1987-08-19,PT
1483,23200.2,Admin,1996-10-07,PT
1484,25500.9,Admin,2003-12-25,PT
1485,27000.4,Admin,2010-05-14,PT
1486,28200.8,Admin,2017-03-05,PT
1487,28900.1,Admin,2023-07-10,PT
1488,8000.3,Admin,1948-09-30,PR
1489,11000.9,Admin,1959-10-03,PR
1490,14500.6,Admin,1973-11-14,PR
1491,17500.3,Admin,1988-05-20,PR
1492,19800.7,Admin,1999-04-12,PR
1493,21500.4,Admin,2004-12-29,PR
1494,23000.8,Admin,2011-09-08,PR
1495,24000.2,Admin,2017-01-31,PR
1496,24700.6,Admin,2023-06-02,PR
1497,700.4,Admin,1954-03-09,RE
1498,950.8,Admin,1968-11-27,RE
1499,1200.2,Admin,1980-06-15,RE
1500,1500.9,Admin,1992-01-21,RE
1501,1750.3,Admin,1999-10-05,RE
1502,1950.6,Admin,2006-08-12,RE
1503,2100.1,Admin,2012-04-19,RE
1504,2200.7,Admin,2018-09-08,RE
1505,2270.4,Admin,2023-03-14,RE
1506,4000.6,Admin,1948-08-12,RO
1507,5600.3,Admin,1959-03-17,RO
1508,7200.9,Admin,1974-06-09,RO
1509,8800.4,Admin,1988-02-28,RO
1510,10200.7,Admin,1998-05-17,RO
1511,11400.2,Admin,2004-11-21,RO
1512,12300.6,Admin,2011-08-16,RO
1513,12900.3,Admin,2017-07-10,RO
1514,13300.9,Admin,2023-01-03,RO
1515,25000.4,Admin,1946-10-29,RU
1516,32000.7,Admin,1960-01-12,RU
1517,38000.3,Admin,1974-03-03,RU
1518,45000.9,Admin,1985-11-24,RU
1519,51000.1,Admin,1994-07-08,RU
1520,55000.8,Admin,2002-02-19,RU
1521,58000.2,Admin,2010-04-26,RU
1522,60000.7,Admin,2017-06-13,RU
1523,61200.4,Admin,2023-05-21,RU
1524,500.3,Admin,1951-07-28,RW
1525,720.8,Admin,1966-02-03,RW
1526,950.4,Admin,1977-10-18,RW
1527,1200.7,Admin,1988-05-26,RW
1528,1450.2,Admin,1998-07-11,RW
1529,1650.9,Admin,2005-09-30,RW
1530,1800.6,Admin,2011-12-18,RW
1531,1900.3,Admin,2018-03-05,RW
1532,1970.7,Admin,2023-09-07,RW
1533,150.4,Admin,1954-04-21,KN
1534,220.7,Admin,1970-03-26,KN
1535,310.2,Admin,1983-12-05,KN
1536,380.9,Admin,1996-08-17,KN
1537,430.1,Admin,2004-01-29,KN
1538,480.8,Admin,2011-10-10,KN
1539,510.5,Admin,2017-06-02,KN
1540,530.9,Admin,2023-01-11,KN
1541,200.6,Admin,1956-12-08,LC
1542,320.9,Admin,1969-10-14,LC
1543,450.1,Admin,1981-03-22,LC
1544,580.7,Admin,1990-11-10,LC
1545,690.4,Admin,1998-07-27,LC
1546,770.3,Admin,2006-01-06,LC
1547,830.7,Admin,2013-05-29,LC
1548,860.9,Admin,2018-12-24,LC
1549,885.2,Admin,2023-07-09,LC
1550,250.3,Admin,1951-11-13,VC
1551,370.8,Admin,1965-04-22,VC
1552,480.1,Admin,1977-03-15,VC
1553,590.9,Admin,1989-08-21,VC
1554,700.5,Admin,1997-05-10,VC
1555,780.4,Admin,2005-12-02,VC
1556,840.8,Admin,2012-09-17,VC
1557,870.3,Admin,2018-04-06,VC
1558,895.6,Admin,2023-08-30,VC
1559,180.5,Admin,1970-09-18,MF
1560,250.9,Admin,1982-04-06,MF
1561,330.4,Admin,1994-02-11,MF
1562,410.7,Admin,2003-10-15,MF
1563,460.3,Admin,2009-07-09,MF
1564,495.8,Admin,2016-12-30,MF
1565,510.6,Admin,2023-02-16,MF
1566,220.3,Admin,1958-10-25,PM
1567,330.8,Admin,1969-06-03,PM
1568,450.1,Admin,1983-09-27,PM
1569,560.4,Admin,1995-11-19,PM
1570,650.7,Admin,2003-04-29,PM
1571,710.2,Admin,2010-01-22,PM
1572,760.9,Admin,2017-08-06,PM
1573,790.3,Admin,2023-04-28,PM
1574,100.5,Admin,1959-12-02,BL
1575,150.1,Admin,1970-05-21,BL
1576,210.8,Admin,1982-07-18,BL
1577,260.3,Admin,1995-04-02,BL
1578,300.7,Admin,2003-06-09,BL
1579,330.8,Admin,2011-09-01,BL
1580,350.9,Admin,2018-03-20,BL
1581,365.2,Admin,2023-08-12,BL
1582,700.4,Admin,1953-02-07,SB
1583,1050.8,Admin,1970-08-14,SB
1584,1450.1,Admin,1983-01-26,SB
1585,1850.6,Admin,1992-10-03,SB
1586,2150.9,Admin,1999-12-30,SB
1587,2450.3,Admin,2005-11-08,SB
1588,2700.7,Admin,2011-06-22,SB
1589,2850.1,Admin,2017-03-28,SB
1590,2950.4,Admin,2023-09-17,SB
1591,1200.3,Admin,1952-09-19,ZM
1592,1700.7,Admin,1964-03-28,ZM
1593,2200.2,Admin,1976-12-12,ZM
1594,2700.8,Admin,1989-06-02,ZM
1595,3100.5,Admin,1997-11-28,ZM
1596,3500.2,Admin,2004-09-05,ZM
1597,3800.9,Admin,2011-01-14,ZM
1598,4000.4,Admin,2017-08-09,ZM
1599,4150.7,Admin,2023-05-02,ZM
1600,300.4,Admin,1951-08-07,AS
1601,450.7,Admin,1964-12-30,AS
1602,650.9,Admin,1978-06-27,AS
1603,820.4,Admin,1989-11-14,AS
1604,950.8,Admin,1998-03-19,AS
1605,1050.1,Admin,2006-02-22,AS
1606,1150.9,Admin,2012-10-28,AS
1607,1210.3,Admin,2018-08-16,AS
1608,1250.5,Admin,2023-06-24,AS
1609,120.4,Admin,1953-07-29,WS
1610,180.8,Admin,1969-04-21,WS
1611,260.3,Admin,1979-08-13,WS
1612,330.7,Admin,1988-05-17,WS
1613,390.2,Admin,1999-09-08,WS
1614,430.9,Admin,2005-01-12,WS
1615,470.3,Admin,2011-02-07,WS
1616,500.8,Admin,2017-12-26,WS
1617,520.6,Admin,2023-02-21,WS
1618,300.4,Admin,1951-01-16,SM
1619,450.1,Admin,1965-09-23,SM
1620,610.7,Admin,1979-03-19,SM
1621,780.4,Admin,1990-06-29,SM
1622,900.6,Admin,1999-11-03,SM
1623,980.3,Admin,2005-12-21,SM
1624,1040.7,Admin,2012-04-13,SM
1625,1080.1,Admin,2018-08-28,SM
1626,1110.4,Admin,2023-03-09,SM
1627,700.2,Admin,1952-10-09,ST
1628,1050.6,Admin,1963-08-23,ST
1629,1400.1,Admin,1976-01-05,ST
1630,1750.8,Admin,1988-11-19,ST
1631,2100.4,Admin,1999-04-08,ST
1632,2350.9,Admin,2004-12-12,ST
1633,2550.7,Admin,2012-03-25,ST
1634,2680.1,Admin,2017-10-18,ST
1635,2790.6,Admin,2023-08-05,ST
1636,18000.4,Admin,1947-08-08,SA
1637,23500.7,Admin,1962-06-19,SA
1638,29000.3,Admin,1975-03-14,SA
1639,34000.8,Admin,1987-09-01,SA
1640,38000.1,Admin,1998-02-17,SA
1641,41000.4,Admin,2003-07-29,SA
1642,43200.9,Admin,2011-10-21,SA
1643,44500.2,Admin,2017-06-10,SA
1644,45500.6,Admin,2023-05-12,SA
1645,11000.4,Admin,1948-05-02,SE
1646,14500.9,Admin,1961-12-08,SE
1647,17800.6,Admin,1974-07-25,SE
1648,20500.2,Admin,1986-10-14,SE
1649,23000.5,Admin,1996-06-06,SE
1650,25000.7,Admin,2004-03-03,SE
1651,26500.3,Admin,2010-02-19,SE
1652,27600.8,Admin,2017-04-27,SE
1653,28300.1,Admin,2023-09-06,SE
1654,9500.4,Admin,1948-11-12,CH
1655,13000.7,Admin,1961-03-28,CH
1656,16500.2,Admin,1974-02-09,CH
1657,19000.6,Admin,1987-10-21,CH
1658,21000.3,Admin,1997-07-03,CH
1659,22500.9,Admin,2004-12-15,CH
1660,23800.4,Admin,2011-06-25,CH
1661,24700.8,Admin,2017-04-19,CH
1662,25300.2,Admin,2023-01-07,CH
1663,1000.3,Admin,1955-06-29,SN
1664,1600.6,Admin,1968-09-14,SN
1665,2200.9,Admin,1979-11-26,SN
1666,2700.4,Admin,1989-04-30,SN
1667,3150.7,Admin,1997-08-23,SN
1668,3500.3,Admin,2003-10-29,SN
1669,3800.6,Admin,2010-01-12,SN
1670,4000.4,Admin,2016-05-09,SN
1671,4150.8,Admin,2023-09-14,SN
1672,5500.7,Admin,1949-02-25,RS
1673,7600.3,Admin,1961-08-18,RS
1674,9800.9,Admin,1976-01-29,RS
1675,11800.4,Admin,1988-03-17,RS
1676,13500.1,Admin,1997-10-12,RS
1677,14800.8,Admin,2004-04-22,RS
1678,15800.6,Admin,2011-03-30,RS
1679,16500.9,Admin,2018-06-08,RS
1680,17000.4,Admin,2023-07-31,RS
1681,400.4,Admin,1958-10-14,SC
1682,600.7,Admin,1970-04-09,SC
1683,850.2,Admin,1981-12-20,SC
1684,1100.6,Admin,1990-11-18,SC
1685,1300.1,Admin,1998-02-27,SC
1686,1450.5,Admin,2004-03-16,SC
1687,1600.3,Admin,2011-02-28,SC
1688,1700.8,Admin,2018-01-05,SC
1689,1780.4,Admin,2023-03-26,SC
1690,900.3,Admin,1956-05-03,SL
1691,1400.9,Admin,1967-01-27,SL
1692,1800.5,Admin,1979-03-14,SL
1693,2300.8,Admin,1989-10-22,SL
1694,2700.4,Admin,1999-01-10,SL
1695,3050.7,Admin,2006-02-18,SL
1696,3300.2,Admin,2011-07-23,SL
1697,3450.9,Admin,2017-10-09,SL
1698,3550.5,Admin,2023-08-17,SL
1699,1800.2,Admin,1954-06-28,ZW
1700,2600.6,Admin,1968-03-05,ZW
1701,3400.8,Admin,1976-12-19,ZW
1702,4100.3,Admin,1989-08-11,ZW
1703,4600.9,Admin,1998-06-21,ZW
1704,5000.2,Admin,2006-10-14,ZW
1705,5300.7,Admin,2012-09-06,ZW
1706,5500.4,Admin,2018-11-25,ZW
1707,5650.1,Admin,2023-04-15,ZW
1708,8000.4,Admin,1947-03-11,SG
1709,11500.8,Admin,1961-02-02,SG
1710,14500.3,Admin,1975-05-24,SG
1711,17500.9,Admin,1987-07-20,SG
1712,20000.2,Admin,1998-08-03,SG
1713,22000.6,Admin,2003-12-10,SG
1714,23500.4,Admin,2011-05-18,SG
1715,24500.9,Admin,2017-09-09,SG
1716,25200.5,Admin,2023-06-17,SG
1717,200.5,Admin,1981-04-16,SX
1718,320.9,Admin,1994-11-03,SX
1719,450.4,Admin,2002-08-12,SX
1720,570.1,Admin,2009-04-29,SX
1721,650.6,Admin,2016-02-07,SX
1722,700.3,Admin,2023-07-22,SX
1723,5000.6,Admin,1946-12-03,SK
1724,7200.8,Admin,1960-05-25,SK
1725,9500.3,Admin,1974-08-19,SK
1726,12000.9,Admin,1987-01-13,SK
1727,14000.4,Admin,1998-07-09,SK
1728,15500.1,Admin,2004-03-30,SK
1729,16800.6,Admin,2011-09-03,SK
1730,17500.8,Admin,2017-10-26,SK
1731,18100.3,Admin,2023-05-18,SK
1732,4500.3,Admin,1947-05-18,SI
1733,6500.9,Admin,1961-08-02,SI
1734,8800.5,Admin,1974-03-29,SI
1735,11200.1,Admin,1988-11-30,SI
1736,13000.4,Admin,1999-06-19,SI
1737,14300.7,Admin,2004-10-08,SI
1738,15400.2,Admin,2011-02-17,SI
1739,16000.8,Admin,2017-04-15,SI
1740,16500.3,Admin,2023-01-28,SI
1741,900.3,Admin,1952-10-06,SO
1742,1400.7,Admin,1964-04-28,SO
1743,1900.2,Admin,1975-11-11,SO
1744,2400.6,Admin,1987-01-07,SO
1745,2800.4,Admin,1996-08-20,SO
1746,3100.8,Admin,2003-03-13,SO
1747,3350.1,Admin,2011-10-29,SO
1748,3500.7,Admin,2017-07-03,SO
1749,3600.2,Admin,2023-09-09,SO
1750,15000.1,Admin,1947-09-28,ES
1751,21000.4,Admin,1960-11-02,ES
1752,26000.7,Admin,1975-06-25,ES
1753,31000.3,Admin,1986-12-03,ES
1754,35000.8,Admin,1998-04-14,ES
1755,37500.5,Admin,2003-10-18,ES
1756,39500.1,Admin,2011-01-29,ES
1757,40700.4,Admin,2017-05-22,ES
1758,41500.9,Admin,2023-03-02,ES
1759,2200.4,Admin,1953-07-03,LK
1760,3500.9,Admin,1967-11-13,LK
1761,4900.6,Admin,1979-09-21,LK
1762,6200.3,Admin,1989-03-15,LK
1763,7400.8,Admin,1999-06-02,LK
1764,8100.1,Admin,2006-12-27,LK
1765,8650.7,Admin,2011-05-14,LK
1766,9000.3,Admin,2017-09-18,LK
1767,9250.8,Admin,2023-02-09,LK
1768,50.4,Admin,1961-03-07,SH
1769,75.8,Admin,1976-12-19,SH
1770,100.2,Admin,1988-09-08,SH
1771,125.5,Admin,1997-03-28,SH
1772,140.9,Admin,2005-10-13,SH
1773,155.6,Admin,2012-04-05,SH
1774,165.3,Admin,2018-11-29,SH
1775,172.8,Admin,2023-09-03,SH
1776,9000.4,Admin,1948-10-23,ZA
1777,13000.1,Admin,1961-06-02,ZA
1778,17000.7,Admin,1974-04-15,ZA
1779,21000.2,Admin,1986-07-01,ZA
1780,24500.8,Admin,1998-03-05,ZA
1781,27000.3,Admin,2004-09-11,ZA
1782,29000.9,Admin,2011-01-30,ZA
1783,30500.4,Admin,2017-05-12,ZA
1784,31500.8,Admin,2023-06-29,ZA
1785,3500.3,Admin,1952-04-30,SD
1786,5000.8,Admin,1965-08-19,SD
1787,6500.2,Admin,1979-01-07,SD
1788,7900.9,Admin,1990-10-05,SD
1789,9200.4,Admin,1999-12-12,SD
1790,10300.7,Admin,2006-06-18,SD
1791,11100.3,Admin,2011-12-28,SD
1792,11800.9,Admin,2017-03-24,SD
1793,12200.5,Admin,2023-05-14,SD
1794,5.1,Admin,1958-01-10,GS
1795,7.6,Admin,1972-12-08,GS
1796,10.2,Admin,1984-02-19,GS
1797,12.4,Admin,1998-07-06,GS
1798,14.1,Admin,2005-03-28,GS
1799,15.7,Admin,2012-11-11,GS
1800,16.9,Admin,2018-06-17,GS
1801,17.5,Admin,2023-09-22,GS
1802,500.4,Admin,1954-06-01,SS
1803,750.7,Admin,1970-11-14,SS
1804,1100.3,Admin,1983-08-26,SS
1805,1500.9,Admin,1996-12-30,SS
1806,1800.2,Admin,2003-09-19,SS
1807,2050.8,Admin,2010-04-26,SS
1808,2250.5,Admin,2017-07-12,SS
1809,2370.1,Admin,2023-02-18,SS
1810,2500.6,Admin,1953-03-19,SR
1811,3800.9,Admin,1965-05-08,SR
1812,5200.3,Admin,1978-04-12,SR
1813,6500.8,Admin,1989-10-21,SR
1814,7600.4,Admin,1997-06-29,SR
1815,8450.1,Admin,2004-08-03,SR
1816,9100.9,Admin,2011-01-27,SR
1817,9450.3,Admin,2017-05-14,SR
1818,9700.7,Admin,2023-09-10,SR
1819,2000.5,Admin,1950-11-09,SY
1820,3000.8,Admin,1962-06-17,SY
1821,4200.3,Admin,1975-01-26,SY
1822,5400.9,Admin,1988-07-03,SY
1823,6500.4,Admin,1996-03-29,SY
1824,7200.7,Admin,2003-09-18,SY
1825,7700.2,Admin,2011-02-10,SY
1826,8000.9,Admin,2018-04-07,SY
1827,8200.5,Admin,2023-01-14,SY
1828,800.4,Admin,1951-08-15,TJ
1829,1200.9,Admin,1966-02-27,TJ
1830,1600.3,Admin,1978-04-19,TJ
1831,2000.8,Admin,1990-12-02,TJ
1832,2350.1,Admin,1999-07-23,TJ
1833,2600.6,Admin,2004-05-30,TJ
1834,2850.9,Admin,2012-01-07,TJ
1835,3000.4,Admin,2018-11-09,TJ
1836,3120.8,Admin,2023-06-03,TJ
1837,7000.5,Admin,1948-09-22,TW
1838,10500.9,Admin,1960-01-04,TW
1839,14000.4,Admin,1975-03-22,TW
1840,17000.8,Admin,1986-08-14,TW
1841,20000.1,Admin,1996-06-19,TW
1842,22500.7,Admin,2004-12-05,TW
1843,24200.3,Admin,2010-04-28,TW
1844,25500.1,Admin,2017-09-13,TW
1845,26300.8,Admin,2023-02-27,TW
1846,2500.3,Admin,1952-03-18,TZ
1847,3500.7,Admin,1964-09-07,TZ
1848,4500.4,Admin,1978-12-01,TZ
1849,5500.8,Admin,1987-10-23,TZ
1850,6300.2,Admin,1998-03-17,TZ
1851,7000.4,Admin,2005-11-29,TZ
1852,7450.7,Admin,2011-05-02,TZ
1853,7800.5,Admin,2018-06-14,TZ
1854,8050.9,Admin,2023-07-26,TZ
1855,6000.3,Admin,1949-06-05,TH
1856,8500.8,Admin,1962-10-30,TH
1857,11000.2,Admin,1975-04-28,TH
1858,14000.9,Admin,1988-01-15,TH
1859,17000.4,Admin,1999-08-11,TH
1860,19000.8,Admin,2004-02-13,TH
1861,20500.3,Admin,2011-03-21,TH
1862,21800.7,Admin,2017-10-27,TH
1863,22500.2,Admin,2023-03-19,TH
1864,800.2,Admin,1954-02-26,TG
1865,1200.7,Admin,1968-05-11,TG
1866,1600.4,Admin,1978-12-14,TG
1867,2000.8,Admin,1989-11-06,TG
1868,2400.3,Admin,1998-02-09,TG
1869,2700.9,Admin,2004-07-12,TG
1870,2950.4,Admin,2010-01-03,TG
1871,3100.8,Admin,2017-09-29,TG
1872,3200.6,Admin,2023-01-25,TG
1873,10.5,Admin,1985-06-18,TK
1874,15.7,Admin,1995-10-14,TK
1875,20.9,Admin,2005-01-22,TK
1876,23.4,Admin,2012-08-03,TK
1877,25.1,Admin,2019-03-18,TK
1878,26.0,Admin,2023-09-02,TK
1879,80.4,Admin,1962-02-15,TO
1880,120.8,Admin,1974-09-06,TO
1881,160.3,Admin,1989-04-20,TO
1882,190.1,Admin,1997-12-04,TO
1883,215.7,Admin,2006-03-19,TO
1884,235.6,Admin,2012-07-21,TO
1885,248.9,Admin,2019-10-12,TO
1886,255.3,Admin,2023-04-28,TO
1887,4000.2,Admin,1953-07-09,TT
1888,6000.7,Admin,1968-11-11,TT
1889,8200.5,Admin,1979-05-28,TT
1890,10500.9,Admin,1988-04-01,TT
1891,12500.4,Admin,1996-09-07,TT
1892,14000.8,Admin,2004-03-18,TT
1893,15000.6,Admin,2011-12-29,TT
1894,15700.3,Admin,2018-02-26,TT
1895,16050.9,Admin,2023-05-17,TT
1896,9000.5,Admin,1947-10-27,TM
1897,13000.8,Admin,1960-01-06,TM
1898,16500.1,Admin,1976-08-10,TM
1899,19500.4,Admin,1989-02-22,TM
1900,22000.9,Admin,1999-12-19,TM
1901,24500.6,Admin,2004-06-07,TM
1902,26200.2,Admin,2012-05-01,TM
1903,27300.7,Admin,2018-03-17,TM
1904,28050.3,Admin,2023-09-20,TM
1905,300.4,Admin,1973-02-01,TC
1906,450.7,Admin,1985-06-26,TC
1907,600.1,Admin,1998-09-22,TC
1908,720.8,Admin,2005-04-19,TC
1909,820.5,Admin,2012-11-03,TC
1910,880.2,Admin,2019-03-29,TC
1911,905.6,Admin,2023-06-14,TC
1912,20.4,Admin,1960-09-13,TV
1913,30.8,Admin,1978-03-17,TV
1914,45.1,Admin,1993-07-21,TV
1915,55.9,Admin,2002-12-08,TV
1916,63.4,Admin,2011-06-19,TV
1917,69.7,Admin,2018-02-05,TV
1918,72.2,Admin,2023-08-27,TV
1919,1500.3,Admin,1952-05-04,UG
1920,2300.9,Admin,1965-12-09,UG
1921,3000.2,Admin,1978-03-11,UG
1922,3800.6,Admin,1989-09-24,UG
1923,4300.3,Admin,1998-05-17,UG
1924,4700.8,Admin,2005-04-29,UG
1925,5000.1,Admin,2012-08-26,UG
1926,5200.7,Admin,2018-07-03,UG
1927,5350.5,Admin,2023-04-11,UG
1928,8500.4,Admin,1948-01-14,UA
1929,11500.2,Admin,1961-07-07,UA
1930,15000.6,Admin,1975-02-18,UA
1931,18500.3,Admin,1986-03-29,UA
1932,21000.9,Admin,1999-04-05,UA
1933,23000.2,Admin,2004-09-27,UA
1934,24500.7,Admin,2011-02-14,UA
1935,25800.4,Admin,2017-05-09,UA
1936,26500.9,Admin,2023-08-21,UA
1937,9000.4,Admin,1949-10-03,HU
1938,13000.8,Admin,1962-05-15,HU
1939,17000.1,Admin,1974-01-23,HU
1940,19800.7,Admin,1989-07-19,HU
1941,22000.5,Admin,1997-12-29,HU
1942,23800.9,Admin,2004-03-17,HU
1943,25000.3,Admin,2011-11-09,HU
1944,25800.7,Admin,2018-06-11,HU
1945,26200.1,Admin,2023-04-01,HU
1946,4000.6,Admin,1951-02-11,UY
1947,6200.9,Admin,1965-04-25,UY
1948,8200.3,Admin,1978-05-03,UY
1949,10200.7,Admin,1989-12-29,UY
1950,11800.2,Admin,1999-10-07,UY
1951,13000.4,Admin,2004-07-19,UY
1952,13800.8,Admin,2012-09-30,UY
1953,14400.3,Admin,2017-11-08,UY
1954,14800.6,Admin,2023-02-15,UY
1955,18000.5,Admin,1951-06-30,UZ
1956,23000.1,Admin,1963-11-14,UZ
1957,28000.4,Admin,1974-09-25,UZ
1958,32000.8,Admin,1985-06-11,UZ
1959,35000.3,Admin,1996-03-28,UZ
1960,37500.9,Admin,2003-07-13,UZ
1961,39500.6,Admin,2011-10-20,UZ
1962,41000.1,Admin,2017-01-06,UZ
1963,42000.7,Admin,2023-03-04,UZ
1964,200.3,Admin,1957-09-14,VU
1965,300.7,Admin,1972-08-04,VU
1966,450.2,Admin,1984-01-28,VU
1967,580.9,Admin,1996-05-17,VU
1968,700.5,Admin,2003-12-01,VU
1969,820.1,Admin,2010-08-19,VU
1970,890.6,Admin,2017-11-22,VU
1971,930.4,Admin,2023-08-12,VU
1972,50.1,Admin,1952-04-09,VA
1973,80.5,Admin,1968-06-15,VA
1974,120.9,Admin,1979-02-06,VA
1975,150.3,Admin,1990-09-18,VA
1976,170.8,Admin,2002-01-11,VA
1977,185.4,Admin,2010-05-23,VA
1978,198.2,Admin,2016-12-14,VA
1979,205.6,Admin,2023-03-27,VA
1980,15000.3,Admin,1947-02-19,VE
1981,19500.7,Admin,1961-04-28,VE
1982,24500.2,Admin,1976-10-09,VE
1983,29000.9,Admin,1987-03-24,VE
1984,32500.5,Admin,1998-12-18,VE
1985,35200.7,Admin,2004-11-01,VE
1986,37000.3,Admin,2011-06-27,VE
1987,38400.8,Admin,2017-10-22,VE
1988,39200.4,Admin,2023-07-15,VE
1989,22000.4,Admin,1951-05-23,AE
1990,30000.8,Admin,1964-08-12,AE
1991,38000.2,Admin,1978-03-31,AE
1992,45000.9,Admin,1989-12-10,AE
1993,50000.4,Admin,1998-04-06,AE
1994,54000.7,Admin,2004-01-19,AE
1995,57000.3,Admin,2010-10-29,AE
1996,59200.6,Admin,2017-08-13,AE
1997,60500.2,Admin,2023-01-30,AE
1998,50000.6,Admin,1946-06-09,US
1999,65000.3,Admin,1960-03-21,US
2000,82000.1,Admin,1975-08-27,US
2001,95000.8,Admin,1988-10-04,US
2002,110000.4,Admin,1999-07-15,US
2003,120500.7,Admin,2004-12-03,US
2004,128000.5,Admin,2012-04-19,US
2005,133000.2,Admin,2017-09-05,US
2006,136500.9,Admin,2023-08-14,US
2007,5.7,Admin,1965-04-13,UM
2008,8.2,Admin,1979-11-29,UM
2009,10.4,Admin,1986-08-15,UM
2010,11.9,Admin,1996-01-03,UM
2011,13.1,Admin,2003-07-28,UM
2012,14.2,Admin,2011-06-20,UM
2013,14.9,Admin,2018-01-06,UM
2014,15.3,Admin,2023-02-18,UM
2015,70000.4,Admin,1949-12-21,GB
2016,90000.8,Admin,1963-02-28,GB
2017,110000.2,Admin,1978-04-12,GB
2018,125000.7,Admin,1989-03-27,GB
2019,135000.1,Admin,1998-08-09,GB
2020,142000.5,Admin,2004-10-31,GB
2021,147500.3,Admin,2011-11-22,GB
2022,151000.7,Admin,2017-07-04,GB
2023,153500.2,Admin,2023-05-10,GB
2024,20000.5,Admin,1947-03-01,VN
2025,26000.8,Admin,1961-10-24,VN
2026,31000.3,Admin,1975-05-18,VN
2027,36000.9,Admin,1987-02-11,VN
2028,40000.2,Admin,1998-06-30,VN
2029,43000.7,Admin,2004-12-19,VN
2030,45000.4,Admin,2011-08-02,VN
2031,46500.9,Admin,2017-09-25,VN
2032,47400.3,Admin,2023-04-01,VN
2033,200.4,Admin,1954-07-17,WF
2034,320.7,Admin,1968-04-05,WF
2035,440.3,Admin,1982-08-13,WF
2036,550.9,Admin,1996-02-24,WF
2037,630.4,Admin,2003-11-12,WF
2038,690.7,Admin,2011-05-30,WF
2039,725.2,Admin,2018-07-21,WF
2040,750.5,Admin,2023-03-14,WF
2041,50.7,Admin,1958-02-09,CX
2042,80.1,Admin,1969-07-25,CX
2043,110.8,Admin,1981-12-14,CX
2044,135.4,Admin,1998-03-09,CX
2045,150.9,Admin,2006-11-20,CX
2046,165.3,Admin,2012-06-07,CX
2047,175.6,Admin,2018-12-29,CX
2048,182.1,Admin,2023-06-01,CX
2049,100.5,Admin,1962-10-28,EH
2050,180.2,Admin,1974-03-15,EH
2051,260.8,Admin,1987-04-22,EH
2052,340.4,Admin,1999-02-01,EH
2053,400.9,Admin,2004-09-10,EH
2054,450.5,Admin,2011-02-28,EH
2055,485.3,Admin,2017-07-13,EH
2056,505.8,Admin,2023-09-04,EH
2057,900.6,Admin,1953-06-10,CF
2058,1400.9,Admin,1964-05-24,CF
2059,1900.3,Admin,1978-11-06,CF
2060,2400.7,Admin,1989-04-18,CF
2061,2800.5,Admin,1997-07-01,CF
2062,3100.8,Admin,2004-03-29,CF
2063,3300.2,Admin,2010-08-25,CF
2064,3450.7,Admin,2017-01-12,CF
2065,3550.4,Admin,2023-02-26,CF
2066,2000.8,Admin,1951-09-20,CY
2067,3000.3,Admin,1963-02-15,CY
2068,4000.9,Admin,1976-01-07,CY
2069,5000.4,Admin,1988-09-29,CY
2070,5800.2,Admin,1999-05-14,CY
2071,6400.7,Admin,2003-08-10,CY
2072,6850.1,Admin,2011-03-28,CY
2073,7100.3,Admin,2017-11-04,CY
2074,7250.6,Admin,2023-06-22,CY
2075, 9800.4,Admin,1952-07-14,DE
2076, 12500.7,Admin,1965-11-09,DE
2077, 16800.9,Admin,1978-03-25,DE
2078, 19200.3,Admin,1988-10-12,DE
2079, 21500.8,Admin,1996-12-07,DE
2080, 23000.2,Admin,2003-05-21,DE
2081, 24500.6,Admin,2010-09-03,DE
2082, 25000.9,Admin,2016-04-17,DE
2083, 25800.4,Admin,2021-11-28,DE
2084, 26200.7,Admin,2023-09-09,DE
2085, 3500.4,Admin,1956-03-22,CZ
2086, 4800.9,Admin,1968-10-05,CZ
2087, 6300.2,Admin,1979-02-14,CZ
2088, 7800.7,Admin,1989-07-27,CZ
2089, 9100.3,Admin,1997-11-09,CZ
2090, 10200.8,Admin,2004-06-11,CZ
2091, 11300.1,Admin,2011-12-20,CZ
2092, 11900.5,Admin,2017-03-04,CZ
2093, 12300.9,Admin,2022-02-11,CZ
2094, 12600.3,Admin,2023-07-16,CZ
2095, 600.4,Admin,1954-06-10,TD
2096, 900.1,Admin,1965-02-28,TD
2097, 1300.7,Admin,1978-07-19,TD
2098, 1800.3,Admin,1988-09-01,TD
2099, 2200.9,Admin,1995-04-23,TD
2100, 2550.6,Admin,2003-12-03,TD
2101, 2900.2,Admin,2010-03-17,TD
2102, 3150.8,Admin,2016-08-24,TD
2103, 3350.1,Admin,2021-06-30,TD
2104, 3480.5,Admin,2023-05-13,TD
2105, 2100.5,Admin,1955-01-16,TN
2106, 3200.9,Admin,1967-08-04,TN
2107, 4500.4,Admin,1979-10-22,TN
2108, 5800.3,Admin,1989-06-11,TN
2109, 6900.8,Admin,1996-12-29,TN
2110, 7800.1,Admin,2004-07-18,TN
2111, 8500.7,Admin,2011-09-02,TN
2112, 9100.5,Admin,2017-02-14,TN
2113, 9500.3,Admin,2021-10-25,TN
2114, 9800.9,Admin,2023-09-01,TN
2115, 6000.4,Admin,1953-04-27,TR
2116, 8200.9,Admin,1965-09-14,TR
2117, 10300.2,Admin,1977-03-03,TR
2118, 12800.6,Admin,1988-11-29,TR
2119, 15000.1,Admin,1997-02-12,TR
2120, 16300.5,Admin,2004-06-28,TR
2121, 17800.3,Admin,2011-08-15,TR
2122, 19000.9,Admin,2017-05-01,TR
2123, 20000.2,Admin,2022-03-09,TR
2124, 20500.7,Admin,2023-08-24,TR
