emission,addedBy,emissionDate,country_code
1200.5,Admin,1952-03-12,AF
1500.3,Admin,1968-07-21,AF
2100.7,Admin,1991-11-02,AF
2500.2,Admin,1998-04-17,AF
3100.9,Admin,2005-09-29,AF
3400.4,Admin,2010-06-11,AF
3600.1,Admin,2013-12-22,AF
3900.8,Admin,2017-03-08,AF
4100.2,Admin,2019-10-14,AF
4300.6,Admin,2022-05-26,AF

6200.3,Admin,1949-08-10,EG
7100.9,Admin,1961-02-23,EG
9200.4,Admin,1975-11-03,EG
11300.8,Admin,1989-07-14,EG
12500.1,Admin,1995-01-29,EG
14200.7,Admin,2003-05-10,EG
15600.2,Admin,2008-09-19,EG
16800.5,Admin,2014-03-02,EG
17500.9,Admin,2018-12-25,EG
18200.4,Admin,2023-04-17,EG

15.2,Admin,1999-06-12,AX
18.1,Admin,2005-04-08,AX
19.4,Admin,2010-09-27,AX
20.2,Admin,2015-02-18,AX
21.0,Admin,2020-11-30,AX

800.7,Admin,1941-10-02,AL
1100.3,Admin,1958-04-07,AL
1500.6,Admin,1979-01-28,AL
1700.8,Admin,1990-12-03,AL
2100.2,Admin,2001-05-25,AL
2300.7,Admin,2008-11-16,AL
2600.4,Admin,2013-09-11,AL
2800.9,Admin,2017-06-22,AL
3000.1,Admin,2022-01-30,AL

5100.2,Admin,1935-08-19,DZ
6300.9,Admin,1952-12-11,DZ
7700.6,Admin,1970-03-22,DZ
9200.4,Admin,1982-10-07,DZ
10400.1,Admin,1993-06-15,DZ
11500.8,Admin,2000-02-20,DZ
12700.3,Admin,2007-09-14,DZ
13800.6,Admin,2013-11-30,DZ
14700.9,Admin,2018-07-03,DZ
15300.5,Admin,2021-10-29,DZ

250.4,Admin,1963-04-17,AD
310.2,Admin,1978-09-11,AD
420.7,Admin,1985-01-22,AD
530.1,Admin,1995-06-14,AD
610.8,Admin,2003-02-27,AD
680.3,Admin,2009-11-08,AD
720.9,Admin,2014-05-19,AD
760.4,Admin,2018-12-29,AD
800.1,Admin,2021-04-03,AD

900.2,Admin,1948-07-14,AO
1200.7,Admin,1959-10-22,AO
1800.5,Admin,1971-11-05,AO
2500.9,Admin,1983-03-19,AO
3100.4,Admin,1992-08-08,AO
3600.1,Admin,1999-12-21,AO
4200.3,Admin,2006-06-02,AO
4800.7,Admin,2012-09-17,AO
5200.9,Admin,2017-02-27,AO
5600.4,Admin,2022-05-18,AO

12.4,Admin,1992-03-06,AI
14.1,Admin,1998-08-23,AI
16.2,Admin,2004-01-14,AI
17.3,Admin,2010-10-29,AI
19.0,Admin,2018-06-11,AI
19.8,Admin,2021-09-09,AI

45.2,Admin,1974-02-16,AG
52.7,Admin,1983-05-09,AG
61.1,Admin,1991-10-22,AG
73.8,Admin,2003-07-14,AG
84.5,Admin,2010-11-03,AG
91.2,Admin,2015-09-19,AG
96.7,Admin,2019-03-12,AG
101.1,Admin,2023-01-27,AG

300.7,Admin,1950-08-26,GQ
450.3,Admin,1967-02-15,GQ
780.2,Admin,1985-09-04,GQ
1150.7,Admin,1995-11-22,GQ
1400.3,Admin,2002-03-16,GQ
1650.4,Admin,2009-12-10,GQ
1820.9,Admin,2014-05-25,GQ
1950.2,Admin,2018-08-29,GQ
2070.5,Admin,2022-06-07,GQ

5200.1,Admin,1939-12-19,AR
6300.6,Admin,1953-06-13,AR
8100.9,Admin,1971-02-24,AR
9800.5,Admin,1982-09-01,AR
11000.8,Admin,1990-08-27,AR
12500.2,Admin,1999-10-14,AR
13800.6,Admin,2005-04-21,AR
15000.4,Admin,2010-12-28,AR
16400.9,Admin,2016-07-06,AR
17200.1,Admin,2020-11-19,AR
17700.7,Admin,2023-03-15,AR

700.3,Admin,1946-11-03,AM
900.7,Admin,1957-05-29,AM
1400.5,Admin,1970-08-10,AM
1800.2,Admin,1984-03-21,AM
2100.9,Admin,1992-07-17,AM
2400.4,Admin,1999-11-05,AM
2650.7,Admin,2006-01-19,AM
2850.2,Admin,2013-10-08,AM
3000.1,Admin,2018-04-14,AM
3150.8,Admin,2022-12-22,AM

80.4,Admin,1996-06-08,AW
92.3,Admin,2000-12-21,AW
105.7,Admin,2006-05-17,AW
118.1,Admin,2011-09-30,AW
126.4,Admin,2017-01-10,AW
130.9,Admin,2020-07-25,AW
135.3,Admin,2023-02-18,AW

2500.7,Admin,1951-08-04,AZ
3100.1,Admin,1962-11-27,AZ
4500.3,Admin,1977-04-18,AZ
6200.8,Admin,1986-12-06,AZ
7800.4,Admin,1994-09-15,AZ
8900.2,Admin,2003-03-02,AZ
9500.8,Admin,2008-07-20,AZ
10300.3,Admin,2012-11-11,AZ
10900.7,Admin,2018-01-29,AZ
11300.9,Admin,2021-09-03,AZ

1000.3,Admin,1940-10-21,ET
1500.7,Admin,1954-02-12,ET
2200.6,Admin,1968

8500.4,Admin,1938-05-14,AU
10200.9,Admin,1950-09-23,AU
12800.3,Admin,1963-02-16,AU
15000.7,Admin,1975-11-08,AU
16500.1,Admin,1984-06-19,AU
17800.4,Admin,1993-04-11,AU
19000.9,Admin,2002-01-25,AU
20100.6,Admin,2009-10-03,AU
21200.2,Admin,2015-03-26,AU
21800.8,Admin,2020-08-15,AU
22100.4,Admin,2023-06-07,AU

1.1,Admin,1980-03-10,HM
1.4,Admin,1995-08-22,HM
1.6,Admin,2002-01-18,HM
1.9,Admin,2010-07-03,HM
2.0,Admin,2018-12-29,HM
2.1,Admin,2023-04-11,HM

150.3,Admin,1949-07-07,BS
210.9,Admin,1960-10-30,BS
300.4,Admin,1974-01-19,BS
380.1,Admin,1987-06-14,BS
460.5,Admin,1994-11-27,BS
520.9,Admin,2003-03-08,BS
580.4,Admin,2010-09-22,BS
610.2,Admin,2016-02-05,BS
640.7,Admin,2022-11-18,BS

500.7,Admin,1962-05-03,BH
820.3,Admin,1974-08-09,BH
1200.1,Admin,1984-12-20,BH
1800.4,Admin,1993-06-01,BH
2200.7,Admin,2001-09-14,BH
2600.2,Admin,2008-11-27,BH
2900.5,Admin,2013-08-19,BH
3100.8,Admin,2017-04-02,BH
3300.3,Admin,2022-12-13,BH

25.1,Admin,1991-11-04,GG
28.4,Admin,1999-08-15,GG
32.7,Admin,2006-03-22,GG
35.1,Admin,2012-06-30,GG
37.2,Admin,2018-10-25,GG
38.4,Admin,2023-03-12,GG

30.2,Admin,1990-02-08,JE
34.1,Admin,1997-05-28,JE
38.6,Admin,2004-09-14,JE
41.3,Admin,2010-12-17,JE
44.7,Admin,2016-07-05,JE
46.8,Admin,2022-03-19,JE

2500.4,Admin,1951-09-20,BD
3200.8,Admin,1962-01-17,BD
4300.6,Admin,1975-06-11,BD
5500.3,Admin,1989-10-02,BD
6800.1,Admin,1996-08-25,BD
7200.9,Admin,2004-04-18,BD
7900.4,Admin,2011-03-29,BD
8500.6,Admin,2016-07-22,BD
9100.3,Admin,2021-02-13,BD

180.3,Admin,1955-03-05,BB
250.7,Admin,1967-08-14,BB
320.1,Admin,1978-12-09,BB
380.4,Admin,1986-05-17,BB
430.8,Admin,1994-11-22,BB
480.3,Admin,2003-09-10,BB
520.9,Admin,2010-07-01,BB
545.6,Admin,2016-01-23,BB
570.2,Admin,2022-09-30,BB

4000.4,Admin,1947-01-22,BY
5200.9,Admin,1959-10-28,BY
6500.3,Admin,1970-05-17,BY
7800.7,Admin,1982-09-29,BY
8800.2,Admin,1990-03-10,BY
9300.6,Admin,1999-04-19,BY
9800.3,Admin,2006-06-05,BY
10200.8,Admin,2013-02-18,BY
10500.7,Admin,2018-11-11,BY
10800.5,Admin,2023-07-16,BY

7800.3,Admin,1936-06-10,BE
9200.6,Admin,1950-11-08,BE
11000.4,Admin,1963-07-17,BE
12500.7,Admin,1975-12-19,BE
13800.2,Admin,1988-04-23,BE
14900.9,Admin,1995-09-08,BE
15600.3,Admin,2002-10-26,BE
16300.7,Admin,2009-06-03,BE
16800.4,Admin,2015-09-14,BE
17100.1,Admin,2022-01-29,BE

280.5,Admin,1952-08-04,BZ
360.2,Admin,1965-11-12,BZ
420.8,Admin,1974-03-29,BZ
480.4,Admin,1982-07-19,BZ
540.9,Admin,1993-04-27,BZ
590.3,Admin,2001-06-10,BZ
620.7,Admin,2008-02-22,BZ
650.1,Admin,2014-05-31,BZ
675.4,Admin,2021-03-03,BZ

300.4,Admin,1944-07-16,BJ
420.9,Admin,1958-03-20,BJ
530.2,Admin,1969-06-25,BJ
680.1,Admin,1981-02-17,BJ
810.4,Admin,1993-12-08,BJ
930.7,Admin,2001-07-14,BJ
1050.6,Admin,2010-10-23,BJ
1170.2,Admin,2016-05-27,BJ
1280.8,Admin,2022-10-02,BJ

120.6,Admin,1971-01-21,BM
160.3,Admin,1984-04-12,BM
200.9,Admin,1993-07-03,BM
245.2,Admin,2001-10-19,BM
280.7,Admin,2008-02-05,BM
310.1,Admin,2013-11-26,BM
330.5,Admin,2018-04-16,BM
345.8,Admin,2023-08-29,BM

100.4,Admin,1963-05-28,BT
160.8,Admin,1974-11-10,BT
210.5,Admin,1986-02-25,BT
260.1,Admin,1995-07-13,BT
300.7,Admin,2002-10-04,BT
350.3,Admin,2009-06-30,BT
380.9,Admin,2016-01-19,BT
405.4,Admin,2021-09-25,BT

900.4,Admin,1949-04-14,BO
1300.8,Admin,1958-12-09,BO
1800.2,Admin,1971-10-06,BO
2300.7,Admin,1982-02-27,BO
2800.1,Admin,1990-01-19,BO
3100.6,Admin,1998-04-28,BO
3450.3,Admin,2006-08-15,BO
3800.9,Admin,2012-05-18,BO
4200.8,Admin,2018-03-30,BO
4450.2,Admin,2022-07-22,BO

70.4,Admin,1999-01-08,BQ
85.1,Admin,2004-10-15,BQ
93.7,Admin,2010-02-21,BQ
101.5,Admin,2014-07-29,BQ
109.2,Admin,2018-11-18,BQ
113.4,Admin,2023-05-01,BQ

2200.4,Admin,1953-04-16,BA
3100.7,Admin,1967-11-09,BA
4200.1,Admin,1979-02-28,BA
5100.5,Admin,1988-06-14,BA
5900.9,Admin,1996-10-23,BA
6300.3,Admin,2003-08-05,BA
6700.8,Admin,2010-12-29,BA
7000.2,Admin,2016-07-22,BA
7250.5,Admin,2022-04-11,BA

900.3,Admin,1948-09-30,BW
1200.7,Admin,1960-05-21,BW
1600.6,Admin,1975-01-12,BW
2000.3,Admin,1986-10-08,BW
2400.9,Admin,1996-03-26,BW
2700.4,Admin,2002-12-14,BW
3000.1,Admin,2009-05-17,BW
3200.8,Admin,2016-02-01,BW
3350.5,Admin,2023-09-19,BW

12000.7,Admin,1940-12-18,BR
15000.3,Admin,1955-07-03,BR
17800.5,Admin,1968-09-22,BR
20200.2,Admin,1980-02-07,BR
23100.6,Admin,1990-06-14,BR
26000.4,Admin,1999-10-01,BR
28400.8,Admin,2006-08-11,BR
30100.2,Admin,2012-03-27,BR
31800.9,Admin,2018-07-09,BR
32900.4,Admin,2023-05-18,BR

0.9,Admin,1991-02-10,IO
1.1,Admin,1999-07-23,IO
1.3,Admin,2006-01-12,IO
1.4,Admin,2012-11-08,IO
1.6,Admin,2018-03-05,IO
1.7,Admin,2023-08-27,IO

500.2,Admin,1954-03-29,BN
900.5,Admin,1968-10-07,BN
1400.1,Admin,1978-06-12,BN
1800.4,Admin,1989-01-04,BN
2200.9,Admin,1996-05-28,BN
2500.3,Admin,2004-02-19,BN
2800.7,Admin,2010-07-09,BN
3000.4,Admin,2017-12-30,BN
3150.8,Admin,2022-09-02,BN

3000.6,Admin,1949-08-15,BG
4200.9,Admin,1960-02-11,BG
5600.4,Admin,1972-10-01,BG
6900.7,Admin,1983-07-18,BG
7800.1,Admin,1992-03-30,BG
8400.8,Admin,1998-09-05,BG
9000.3,Admin,2005-04-27,BG
9500.9,Admin,2011-11-22,BG
9900.4,Admin,2018-01-14,BG
10100.7,Admin,2023-06-09,BG

600.4,Admin,1950-06-02,BF
880.1,Admin,1963-03-16,BF
1100.5,Admin,1971-11-27,BF
1500.2,Admin,1985-04-05,BF
1850.7,Admin,1994-12-13,BF
2100.4,Admin,2002-09-28,BF
2350.8,Admin,2009-03-10,BF
2600.3,Admin,2015-07-19,BF
2780.6,Admin,2021-11-02,BF

500.1,Admin,1947-01-09,BI
700.4,Admin,1959-08-12,BI
920.8,Admin,1971-03-25,BI
1150.2,Admin,1980-07-14,BI
1350.5,Admin,1989-04-18,BI
1550.9,Admin,1997-01-30,BI
1720.4,Admin,2004-08-09,BI
1860.7,Admin,2011-06-23,BI
1980.3,Admin,2017-11-17,BI
2050.8,Admin,2023-02-28,BI

50.7,Admin,1980-12-01,KY
65.4,Admin,1992-03-08,KY
77.9,Admin,2001-05-11,KY
85.2,Admin,2009-09-20,KY
91.6,Admin,2016-12-14,KY
94.3,Admin,2022-10-03,KY

3300.4,Admin,1939-04-22,CL
4200.9,Admin,1954-02-08,CL
5800.1,Admin,1968-05-19,CL
7200.6,Admin,1980-11-03,CL
8200.3,Admin,1992-09-17,CL
9400.4,Admin,2002-03-11,CL
10100.9,Admin,2009-08-26,CL
10900.2,Admin,2016-01-14,CL
11300.7,Admin,2021-05-28,CL

8000.3,Admin,1943-06-27,CN
12000.1,Admin,1958-11-12,CN
15000.9,Admin,1970-09-25,CN
19000.3,Admin,1982-04-17,CN
24000.7,Admin,1994-03-29,CN
30000.4,Admin,2001-07-18,CN
35000.8,Admin,2009-10-07,CN
41000.1,Admin,2015-02-22,CN
45000.9,Admin,2020-04-11,CN
47000.6,Admin,2023-08-17,CN

20.4,Admin,1982-05-04,CK
27.9,Admin,1994-09-21,CK
33.2,Admin,2001-11-08,CK
38.4,Admin,2009-02-17,CK
41.7,Admin,2017-06-03,CK
43.1,Admin,2022-12-15,CK

900.5,Admin,1952-03-13,CR
1300.8,Admin,1963-08-30,CR
1700.2,Admin,1977-07-11,CR
2100.9,Admin,1988-01-23,CR
2600.4,Admin,1996-06-14,CR
3100.3,Admin,2003-12-03,CR
3500.5,Admin,2010-02-21,CR
3800.9,Admin,2016-04-10,CR
4050.1,Admin,2022-08-29,CR

200.6,Admin,1987-10-05,CW
270.3,Admin,1995-07-12,CW
320.1,Admin,2004-09-29,CW
360.7,Admin,2010-11-06,CW
395.4,Admin,2017-03-19,CW
420.9,Admin,2023-09-01,CW

7800.1,Admin,1941-04-19,DK
9000.6,Admin,1956-01-30,DK
11000.2,Admin,1969-05-15,DK
13000.7,Admin,1983-03-28,DK
14200.4,Admin,1993-11-22,DK
15300.9,Admin,2001-06-07,DK
16200.3,Admin,2009-12-18,DK
16900.8,Admin,2015-07-05,DK
17300.6,Admin,2021-04-27,DK

150.2,Admin,1956-10-18,DM
220.8,Admin,1968-02-14,DM
310.1,Admin,1977-06-12,DM
380.5,Admin,1986-09-03,DM
440.9,Admin,1994-01-20,DM
500.3,Admin,2002-10-27,DM
550.8,Admin,2009-07-13,DM
580.2,Admin,2015-11-16,DM
610.4,Admin,2022-02-03,DM

2300.2,Admin,1948-08-17,DO
3000.6,Admin,1960-04-12,DO
3900.1,Admin,1974-09-25,DO
4700.7,Admin,1988-01-09,DO
5500.4,Admin,1997-03-28,DO
6200.3,Admin,2004-12-02,DO
6900.9,Admin,2010-07-17,DO
7200.8,Admin,2016-03-26,DO
7500.5,Admin,2022-10-11,DO

500.6,Admin,1951-06-15,DJ
720.3,Admin,1963-02-27,DJ
950.7,Admin,1979-11-04,DJ
1180.1,Admin,1990-09-28,DJ
1400.2,Admin,1999-04-07,DJ
1600.4,Admin,2007-06-30,DJ
1780.9,Admin,2014-05-19,DJ
1880.3,Admin,2018-01-21,DJ
1950.8,Admin,2023-07-13,DJ

3200.4,Admin,1947-03-12,EC
4500.7,Admin,1962-08-24,EC
5800.3,Admin,1974-09-19,EC
6900.1,Admin,1986-02-27,EC
7800.8,Admin,1994-12-10,EC
8600.4,Admin,2002-04-18,EC
9300.6,Admin,2009-07-30,EC
9800.9,Admin,2015-10-21,EC
10200.3,Admin,2021-06-04,EC

1800.4,Admin,1950-01-11,SV
2500.8,Admin,1963-11-23,SV
3400.5,Admin,1976-03-29,SV
4200.1,Admin,1985-07-17,SV
5000.9,Admin,1996-08-14,SV
5600.4,Admin,2004-05-03,SV
6100.7,Admin,2011-10-27,SV
6450.3,Admin,2016-01-19,SV
6750.8,Admin,2022-09-08,SV

900.2,Admin,1949-07-28,CI
1300.8,Admin,1962-04-13,CI
1800.5,Admin,1975-12-17,CI
2300.1,Admin,1983-03-23,CI
2800.7,Admin,1994-08-06,CI
3300.2,Admin,2001-02-11,CI
3700.8,Admin,2008-06-29,CI
4000.3,Admin,2015-10-10,CI
4200.7,Admin,2021-03-18,CI

600.1,Admin,1950-09-14,ER
820.5,Admin,1963-07-19,ER
1100.8,Admin,1974-10-05,ER
1400.2,Admin,1985-01-29,ER
1700.4,Admin,1996-03-14,ER
2000.7,Admin,2003-08-22,ER
2250.9,Admin,2010-12-13,ER
2450.3,Admin,2016-04-05,ER
2600.8,Admin,2022-10-16,ER

1500.7,Admin,1940-09-26,EE
2200.3,Admin,1954-05-04,EE
3300.6,Admin,1970-03-18,EE
4500.2,Admin,1981-08-23,EE
5200.9,Admin,1990-11-17,EE
5800.4,Admin,1999-04-01,EE
6300.7,Admin,2008-07-12,EE
6700.1,Admin,2015-02-28,EE
6900.5,Admin,2021-10-07,EE

450.4,Admin,1952-10-18,SZ
650.9,Admin,1965-06-14,SZ
850.3,Admin,1977-01-29,SZ
1050.6,Admin,1988-03-11,SZ
1250.1,Admin,1996-09-26,SZ
1400.4,Admin,2004-12-02,SZ
1550.9,Admin,2010-10-08,SZ
1650.3,Admin,2017-06-25,SZ
1750.7,Admin,2022-08-30,SZ

5500.1,Admin,1938-02-19,FI
7200.5,Admin,1951-12-08,FI
8800.3,Admin,1966-07-14,FI
10100.9,Admin,1979-04-02,FI
11500.4,Admin,1990-09-28,FI
12800.7,Admin,1999-06-15,FI
13600.2,Admin,2007-01-25,FI
14400.6,Admin,2014-11-07,FI
14900.9,Admin,2021-02-12,FI

300.7,Admin,1955-10-02,FJ
450.2,Admin,1968-08-21,FJ
680.4,Admin,1979-03-06,FJ
880.9,Admin,1989-09-15,FJ
1100.1,Admin,1998-11-07,FJ
1300.6,Admin,2006-04-23,FJ
1450.3,Admin,2013-08-12,FJ
1570.8,Admin,2018-06-01,FJ
1650.5,Admin,2023-09-19,FJ

14000.7,Admin,1939-05-21,FR
16500.2,Admin,1954-01-03,FR
19800.9,Admin,1968-10-15,FR
22000.4,Admin,1981-04-27,FR
24400.7,Admin,1990-03-19,FR
26000.1,Admin,1999-08-08,FR
27500.5,Admin,2006-05-12,FR
28800.9,Admin,2014-02-22,FR
29400.3,Admin,2019-12-29,FR
29900.8,Admin,2023-06-17,FR

400.2,Admin,1962-11-04,GF
550.7,Admin,1974-08-16,GF
720.3,Admin,1987-03-29,GF
900.6,Admin,1996-02-02,GF
1020.9,Admin,2003-06-15,GF
1120.4,Admin,2010-08-27,GF
1210.7,Admin,2016-12-19,GF
1280.3,Admin,2022-05-30,GF

1800.6,Admin,1963-07-11,PF
2600.1,Admin,1977-01-23,PF
3400.8,Admin,1988-05-06,PF
4100.3,Admin,1997-12-15,PF
4700.6,Admin,2004-10-19,PF
5150.2,Admin,2011-06-02,PF
5600.7,Admin,2017-04-28,PF
5900.5,Admin,2023-01-14,PF

15.1,Admin,1985-09-29,TF
20.3,Admin,1999-04-12,TF
25.8,Admin,2007-07-06,TF
28.9,Admin,2015-11-02,TF
30.1,Admin,2022-02-22,TF

1100.3,Admin,1951-08-09,GA
1600.6,Admin,1964-04-21,GA
2100.1,Admin,1975-09-16,GA
2600.8,Admin,1984-11-12,GA
3100.3,Admin,1993-03-03,GA
3550.9,Admin,2001-08-29,GA
3800.4,Admin,2009-05-21,GA
4000.7,Admin,2015-10-14,GA
4200.2,Admin,2023-07-04,GA

300.9,Admin,1956-01-17,GM
430.1,Admin,1967-05-29,GM
610.5,Admin,1978-11-10,GM
820.8,Admin,1989-03-14,GM
940.3,Admin,1996-10-28,GM
1080.7,Admin,2004-09-05,GM
1210.4,Admin,2011-04-30,GM
1300.9,Admin,2017-01-03,GM
1380.6,Admin,2022-06-16,GM

800.4,Admin,1949-04-08,GE
1200.7,Admin,1962-02-20,GE
1600.2,Admin,1976-10-04,GE
2100.9,Admin,1985-07-26,GE
2600.3,Admin,1993-11-15,GE
3100.6,Admin,2001-03-22,GE
3500.8,Admin,2009-05-14,GE
3800.3,Admin,2016-12-01,GE
4000.7,Admin,2021-10-28,GE

800.4,Admin,1953-02-14,GH
1200.7,Admin,1966-11-21,GH
1800.3,Admin,1978-08-09,GH
2400.1,Admin,1989-04-30,GH
2950.8,Admin,1996-12-19,GH
3300.4,Admin,2003-07-11,GH
3600.9,Admin,2010-03-22,GH
3850.3,Admin,2016-05-07,GH
4050.6,Admin,2023-02-28,GH

60.2,Admin,1981-04-03,GI
75.4,Admin,1994-02-17,GI
88.9,Admin,2001-12-05,GI
95.2,Admin,2011-07-14,GI
101.7,Admin,2018-10-09,GI
104.1,Admin,2023-05-26,GI

120.6,Admin,1960-03-22,GD
180.3,Admin,1974-07-18,GD
240.8,Admin,1986-10-11,GD
300.1,Admin,1994-01-29,GD
360.7,Admin,2002-05-03,GD
410.2,Admin,2010-09-19,GD
450.9,Admin,2016-04-28,GD
475.3,Admin,2022-10-13,GD

5500.7,Admin,1942-12-21,GR
7100.4,Admin,1958-08-05,GR
8800.3,Admin,1971-09-17,GR
10300.9,Admin,1982-02-24,GR
11800.5,Admin,1991-10-03,GR
13000.1,Admin,1998-06-27,GR
14000.6,Admin,2006-11-08,GR
14800.3,Admin,2013-05-19,GR
15300.7,Admin,2021-01-29,GR

40.4,Admin,1960-10-14,GL
55.7,Admin,1976-01-29,GL
68.3,Admin,1985-09-05,GL
79.2,Admin,1995-03-27,GL
90.4,Admin,2004-12-18,GL
98.7,Admin,2011-08-02,GL
103.5,Admin,2018-06-12,GL
107.1,Admin,2023-03-09,GL

420.4,Admin,1952-07-10,GP
600.9,Admin,1965-05-22,GP
780.6,Admin,1974-02-04,GP
950.3,Admin,1986-07-16,GP
1130.7,Admin,1995-10-29,GP
1270.2,Admin,2003-08-19,GP
1410.8,Admin,2010-12-14,GP
1500.3,Admin,2017-04-03,GP
1580.6,Admin,2022-09-22,GP

0.0,Admin,1950-01-01,AQ
0.0,Admin,1960-01-01,AQ
0.0,Admin,1970-01-01,AQ
0.0,Admin,1980-01-01,AQ
0.1,Admin,1990-01-01,AQ
0.1,Admin,2000-01-01,AQ
0.2,Admin,2010-01-01,AQ
0.2,Admin,2020-01-01,AQ
0.2,Admin,2023-01-01,AQ

1600.4,Admin,1958-06-18,GU
2300.7,Admin,1972-09-12,GU
3100.3,Admin,1984-11-27,GU
3800.1,Admin,1995-04-14,GU
4450.8,Admin,2003-01-20,GU
4950.6,Admin,2010-10-09,GU
5250.2,Admin,2017-03-03,GU
5500.9,Admin,2022-12-11,GU

900.6,Admin,1954-02-09,GT
1400.2,Admin,1966-10-18,GT
1900.9,Admin,1979-12-02,GT
2500.6,Admin,1988-09-27,GT
2900.4,Admin,1996-04-11,GT
3350.8,Admin,2004-08-23,GT
3700.3,Admin,2012-05-14,GT
3920.7,Admin,2016-01-09,GT
4100.4,Admin,2022-07-22,GT

500.4,Admin,1952-05-18,GN
750.9,Admin,1963-12-06,GN
1000.6,Admin,1975-03-29,GN
1250.2,Admin,1985-06-19,GN
1500.8,Admin,1996-01-24,GN
1700.1,Admin,2004-03-08,GN
1850.6,Admin,2009-09-14,GN
1980.8,Admin,2015-04-17,GN
2100.3,Admin,2021-11-26,GN

300.4,Admin,1959-04-17,GW
450.8,Admin,1971-01-26,GW
650.2,Admin,1983-10-14,GW
820.6,Admin,1994-06-29,GW
950.3,Admin,2002-03-21,GW
1070.9,Admin,2009-12-18,GW
1180.5,Admin,2016-08-05,GW
1240.8,Admin,2022-02-28,GW

400.5,Admin,1958-03-11,GY
600.7,Admin,1967-07-19,GY
880.3,Admin,1978-10-05,GY
1120.4,Admin,1987-04-26,GY
1400.7,Admin,1996-12-03,GY
1650.2,Admin,2003-09-17,GY
1850.9,Admin,2010-05-11,GY
2000.4,Admin,2016-11-20,GY
2120.8,Admin,2023-04-06,GY

1200.3,Admin,1940-08-28,HT
1800.6,Admin,1957-02-16,HT
2400.4,Admin,1969-05-17,HT
3100.2,Admin,1980-11-03,HT
3600.9,Admin,1992-06-22,HT
4000.3,Admin,1999-04-05,HT
4300.7,Admin,2006-02-27,HT
4550.8,Admin,2012-09-13,HT
4700.1,Admin,2019-03-26,HT
4850.4,Admin,2023-08-09,HT

800.2,Admin,1948-01-07,HN
1200.4,Admin,1959-03-20,HN
1700.1,Admin,1973-12-25,HN
2150.8,Admin,1986-02-10,HN
2600.7,Admin,1996-07-14,HN
2950.5,Admin,2004-11-09,HN
3250.2,Admin,2011-01-18,HN
3480.9,Admin,2017-06-28,HN
3650.6,Admin,2023-05-15,HN

5400.3,Admin,1949-09-03,HK
8200.1,Admin,1964-06-14,HK
10900.6,Admin,1976-10-29,HK
13800.3,Admin,1988-04-18,HK
16200.9,Admin,1996-12-05,HK
17800.2,Admin,2003-07-23,HK
19000.8,Admin,2010-08-30,HK
20100.6,Admin,2016-05-02,HK
21000.1,Admin,2023-01-12,HK

15000.4,Admin,1941-02-28,IN
20000.7,Admin,1957-11-10,IN
26000.3,Admin,1969-06-25,IN
34000.9,Admin,1981-09-21,IN
41000.5,Admin,1992-08-11,IN
47000.2,Admin,1999-05-19,IN
52500.7,Admin,2007-03-08,IN
58000.4,Admin,2014-10-26,IN
61000.8,Admin,2020-06-30,IN
63000.1,Admin,2023-04-17,IN

14000.9,Admin,1948-04-14,ID
18000.1,Admin,1959-09-22,ID
23000.8,Admin,1972-10-30,ID
28000.3,Admin,1983-06-17,ID
32000.6,Admin,1993-03-09,ID
35000.1,Admin,2000-08-27,ID
38000.4,Admin,2008-02-11,ID
41000.9,Admin,2015-09-03,ID
43000.2,Admin,2021-11-08,ID

9000.4,Admin,1939-10-21,IQ
11500.8,Admin,1952-12-13,IQ
14000.7,Admin,1969-08-09,IQ
17000.3,Admin,1982-07-14,IQ
20000.5,Admin,1990-11-28,IQ
22500.1,Admin,1999-09-30,IQ
24800.6,Admin,2005-04-07,IQ
26700.3,Admin,2012-01-19,IQ
28000.9,Admin,2018-06-25,IQ
28900.5,Admin,2023-03-04,IQ

18000.4,Admin,1943-03-12,IR
22000.7,Admin,1956-10-08,IR
27000.3,Admin,1970-01-26,IR
31000.9,Admin,1981-07-14,IR
35000.1,Admin,1990-05-03,IR
38000.8,Admin,1998-09-25,IR
41000.2,Admin,2005-04-19,IR
43000.7,Admin,2012-11-03,IR
44500.4,Admin,2017-07-21,IR
45800.9,Admin,2023-02-17,IR

5500.3,Admin,1940-10-19,IE
7200.8,Admin,1954-06-02,IE
9000.5,Admin,1968-03-23,IE
10500.9,Admin,1981-09-30,IE
11800.4,Admin,1992-12-11,IE
13000.6,Admin,2001-07-15,IE
13800.2,Admin,2008-10-20,IE
14400.9,Admin,2015-04-06,IE
14900.3,Admin,2021-08-01,IE

1200.7,Admin,1949-02-20,IS
1800.3,Admin,1960-11-05,IS
2400.1,Admin,1976-08-17,IS
3100.9,Admin,1989-04-03,IS
3700.5,Admin,1997-05-12,IS
4200.2,Admin,2004-02-09,IS
4550.8,Admin,2011-06-23,IS
4800.4,Admin,2017-12-14,IS
4950.1,Admin,2023-01-27,IS

380.4,Admin,1970-10-28,IM
500.8,Admin,1983-05-13,IM
620.3,Admin,1992-08-01,IM
730.9,Admin,2001-04-26,IM
810.4,Admin,2008-11-09,IM
870.2,Admin,2015-07-17,IM
910.5,Admin,2022-03-10,IM

3000.7,Admin,1950-06-18,IL
4500.2,Admin,1964-12-29,IL
6500.8,Admin,1976-07-21,IL
8200.3,Admin,1988-02-03,IL
9700.9,Admin,1998-04-14,IL
10800.5,Admin,2005-08-03,IL
11600.1,Admin,2012-03-30,IL
12100.8,Admin,2018-10-17,IL
12400.6,Admin,2023-06-02,IL

9000.2,Admin,1944-08-26,IT
12500.4,Admin,1958-04-04,IT
15500.1,Admin,1971-09-30,IT
18200.7,Admin,1985-02-16,IT
21000.4,Admin,1993-10-07,IT
23000.9,Admin,2001-03-28,IT
24500.2,Admin,2009-11-04,IT
25600.8,Admin,2015-06-13,IT
26200.3,Admin,2022-01-22,IT

300.6,Admin,1951-05-19,JM
520.9,Admin,1964-12-01,JM
760.4,Admin,1979-07-16,JM
980.1,Admin,1989-09-05,JM
1200.7,Admin,1997-03-29,JM
1380.2,Admin,2003-08-22,JM
1520.6,Admin,2010-01-27,JM
1630.4,Admin,2017-05-18,JM
1700.8,Admin,2023-02-03,JM

18000.3,Admin,1949-09-20,JP
24000.7,Admin,1960-03-27,JP
31000.2,Admin,1975-11-02,JP
38000.8,Admin,1986-06-15,JP
43000.4,Admin,1994-04-29,JP
47000.1,Admin,2002-02-17,JP
49500.5,Admin,2010-07-09,JP
51500.8,Admin,2016-05-26,JP
53000.3,Admin,2022-09-18,JP

400.3,Admin,1954-04-12,YE
700.9,Admin,1968-10-22,YE
1100.6,Admin,1979-12-30,YE
1500.1,Admin,1990-06-05,YE
1850.4,Admin,1998-11-13,YE
2100.2,Admin,2005-08-27,YE
2300.9,Admin,2011-03-19,YE
2450.3,Admin,2017-12-08,YE
2550.7,Admin,2023-03-14,YE

900.5,Admin,1959-01-17,JO
1400.1,Admin,1971-08-25,JO
2000.8,Admin,1983-03-09,JO
2600.3,Admin,1991-11-14,JO
3100.7,Admin,1999-07-31,JO
3500.2,Admin,2006-02-23,JO
3800.9,Admin,2012-06-17,JO
4050.4,Admin,2018-01-05,JO
4200.6,Admin,2023-10-11,JO

50.4,Admin,1980-05-14,VI
65.9,Admin,1991-03-07,VI
78.3,Admin,2001-10-10,VI
90.1,Admin,2008-04-25,VI
98.7,Admin,2015-07-30,VI
104.2,Admin,2022-06-18,VI

40.6,Admin,1978-11-19,VG
55.4,Admin,1990-01-13,VG
68.9,Admin,1998-10-01,VG
80.1,Admin,2004-06-28,VG
88.7,Admin,2011-02-07,VG
94.3,Admin,2017-12-23,VG
97.9,Admin,2023-05-21,VG

700.4,Admin,1951-04-21,KH
1100.6,Admin,1964-12-03,KH
1500.9,Admin,1979-07-25,KH
1900.3,Admin,1989-09-14,KH
2250.1,Admin,1997-02-01,KH
2500.7,Admin,2004-05-29,KH
2750.4,Admin,2011-10-02,KH
2900.8,Admin,2018-08-09,KH
3000.3,Admin,2022-12-17,KH

1500.2,Admin,1950-05-12,CM
2200.5,Admin,1963-09-07,CM
3000.7,Admin,1975-12-18,CM
3800.3,Admin,1987-03-23,CM
4500.9,Admin,1997-06-02,CM
5100.6,Admin,2003-10-29,CM
5600.2,Admin,2010-04-21,CM
5950.9,Admin,2016-09-17,CM
6200.7,Admin,2023-01-08,CM

14000.8,Admin,1946-02-25,CA
18000.2,Admin,1959-09-30,CA
22000.7,Admin,1972-03-27,CA
26000.1,Admin,1985-07-04,CA
29000.8,Admin,1993-11-19,CA
31500.3,Admin,2002-01-15,CA
34000.7,Admin,2009-08-13,CA
36000.2,Admin,2016-04-09,CA
37500.6,Admin,2023-02-24,CA

700.3,Admin,1956-01-22,CV
1100.9,Admin,1968-09-06,CV
1500.4,Admin,1979-02-17,CV
1950.1,Admin,1991-06-29,CV
2300.7,Admin,2001-03-11,CV
2600.4,Admin,2008-12-05,CV
2800.8,Admin,2014-07-23,CV
2950.2,Admin,2021-10-14,CV

17000.5,Admin,1947-11-03,KZ
22000.1,Admin,1960-07-21,KZ
26500.9,Admin,1972-01-19,KZ
30500.3,Admin,1983-05-07,KZ
33000.8,Admin,1994-09-29,KZ
36000.1,Admin,2001-08-17,KZ
38500.4,Admin,2009-11-06,KZ
40500.9,Admin,2016-02-13,KZ
41800.3,Admin,2023-06-27,KZ

28000.4,Admin,1954-05-22,QA
33000.8,Admin,1968-02-09,QA
37000.3,Admin,1979-03-30,QA
40500.1,Admin,1989-12-14,QA
44000.7,Admin,1997-09-21,QA
47500.2,Admin,2003-06-03,QA
49800.6,Admin,2010-01-29,QA
51500.9,Admin,2017-05-11,QA
52700.1,Admin,2023-09-05,QA

1500.4,Admin,1952-03-18,KE
2100.8,Admin,1964-10-09,KE
2800.1,Admin,1977-01-27,KE
3500.6,Admin,1988-08-14,KE
4100.9,Admin,1995-05-03,KE
4550.3,Admin,2003-11-22,KE
4900.7,Admin,2010-02-17,KE
5200.4,Admin,2016-06-29,KE
5400.8,Admin,2023-09-10,KE

800.3,Admin,1958-04-14,KG
1200.5,Admin,1969-12-07,KG
1600.8,Admin,1981-08-30,KG
2000.1,Admin,1990-06-28,KG
2400.7,Admin,1998-05-22,KG
2700.3,Admin,2005-04-09,KG
2950.9,Admin,2013-07-19,KG
3100.2,Admin,2019-11-05,KG
3200.6,Admin,2023-03-28,KG

15.3,Admin,1980-10-11,KI
20.7,Admin,1992-05-07,KI
25.1,Admin,2001-09-20,KI
29.4,Admin,2008-03-29,KI
31.8,Admin,2015-12-01,KI
33.2,Admin,2022-06-17,KI

5.1,Admin,1984-01-09,CC
7.3,Admin,1995-11-18,CC
9.2,Admin,2004-04-23,CC
10.8,Admin,2011-12-14,CC
11.6,Admin,2018-08-30,CC
12.0,Admin,2023-05-09,CC

9000.6,Admin,1949-08-03,CO
13000.2,Admin,1963-07-19,CO
17000.8,Admin,1975-10-01,CO
20400.3,Admin,1986-06-15,CO
23500.1,Admin,1996-09-22,CO
26000.7,Admin,2004-12-04,CO
28100.9,Admin,2010-02-11,CO
29800.3,Admin,2016-07-08,CO
31000.6,Admin,2022-11-17,CO

300.4,Admin,1954-06-25,KM
420.1,Admin,1966-12-14,KM
550.8,Admin,1979-03-18,KM
710.2,Admin,1988-05-29,KM
820.7,Admin,1997-01-09,KM
930.4,Admin,2004-09-21,KM
1020.9,Admin,2011-08-30,KM
1090.6,Admin,2016-10-18,KM
1150.3,Admin,2023-04-07,KM

5000.5,Admin,1943-11-29,CD
7800.1,Admin,1957-03-13,CD
10200.8,Admin,1970-08-27,CD
12800.2,Admin,1984-04-06,CD
15000.9,Admin,1993-09-02,CD
17000.3,Admin,2002-02-18,CD
18500.6,Admin,2010-06-11,CD
19700.4,Admin,2016-12-28,CD
20400.8,Admin,2023-05-15,CD

1400.7,Admin,1948-09-03,CG
2000.3,Admin,1962-10-28,CG
2900.8,Admin,1976-02-12,CG
3600.6,Admin,1987-05-19,CG
4200.3,Admin,1996-01-23,CG
4800.9,Admin,2003-07-08,CG
5300.4,Admin,2010-03-09,CG
5650.7,Admin,2017-04-25,CG
5900.1,Admin,2023-01-10,CG

20000.4,Admin,1946-12-17,KP
24000.7,Admin,1960-05-08,KP
28000.1,Admin,1974-10-19,KP
31000.9,Admin,1986-02-14,KP
33500.6,Admin,1995-09-07,KP
36000.3,Admin,2002-04-22,KP
38000.8,Admin,2008-11-01,KP
39500.4,Admin,2015-06-18,KP
40500.7,Admin,2023-07-03,KP

10000.3,Admin,1945-07-22,KR
15000.9,Admin,1958-01-02,KR
21000.4,Admin,1971-10-11,KR
27000.8,Admin,1982-05-09,KR
32000.2,Admin,1992-09-29,KR
36000.7,Admin,1999-12-24,KR
39500.3,Admin,2006-04-02,KR
42000.8,Admin,2014-08-11,KR
43800.5,Admin,2021-10-21,KR

500.4,Admin,2000-01-01,XK
650.9,Admin,2003-10-11,XK
900.6,Admin,2007-06-29,XK
1150.3,Admin,2011-11-04,XK
1400.8,Admin,2015-04-17,XK
1600.2,Admin,2018-09-29,XK
1750.5,Admin,2023-02-13,XK

2200.5,Admin,1952-04-29,HR
3100.9,Admin,1966-12-23,HR
3800.6,Admin,1978-06-15,HR
4500.1,Admin,1988-11-04,HR
5100.7,Admin,1998-03-19,HR
5600.4,Admin,2004-09-09,HR
6000.8,Admin,2011-10-03,HR
6200.3,Admin,2017-05-26,HR
6400.9,Admin,2023-06-17,HR

3000.4,Admin,1959-08-14,CU
4200.8,Admin,1971-05-02,CU
5500.6,Admin,1982-02-27,CU
6800.3,Admin,1991-12-16,CU
7500.9,Admin,1999-07-05,CU
8150.3,Admin,2007-10-08,CU
8600.7,Admin,2014-03-14,CU
8900.1,Admin,2021-09-27,CU

6500.3,Admin,1947-05-30,KW
9500.7,Admin,1959-02-16,KW
13000.5,Admin,1973-06-28,KW
16500.9,Admin,1986-01-14,KW
19500.2,Admin,1996-04-10,KW
22500.8,Admin,2003-03-29,KW
24500.4,Admin,2010-08-17,KW
26000.7,Admin,2016-11-22,KW
27000.3,Admin,2023-04-06,KW

700.4,Admin,1954-11-12,LA
1100.1,Admin,1966-07-25,LA
1500.9,Admin,1978-03-15,LA
1800.5,Admin,1988-10-27,LA
2200.8,Admin,1995-05-19,LA
2500.3,Admin,2003-01-10,LA
2750.7,Admin,2010-07-06,LA
2900.2,Admin,2017-09-18,LA
3000.4,Admin,2023-08-22,LA

500.6,Admin,1951-09-17,LS
780.2,Admin,1964-12-08,LS
1050.8,Admin,1976-02-23,LS
1380.5,Admin,1988-03-03,LS
1650.1,Admin,1996-06-27,LS
1850.9,Admin,2004-10-02,LS
2000.4,Admin,2011-07-14,LS
2120.7,Admin,2017-05-11,LS
2200.3,Admin,2023-02-08,LS

1500.3,Admin,1946-10-15,LV
2200.1,Admin,1960-02-04,LV
3100.8,Admin,1974-06-28,LV
3800.2,Admin,1984-09-17,LV
4400.6,Admin,1993-11-05,LV
4850.3,Admin,1999-07-20,LV
5200.9,Admin,2008-03-12,LV
5500.4,Admin,2015-06-21,LV
5700.7,Admin,2022-09-01,LV

1900.7,Admin,1948-05-02,LB
2700.4,Admin,1961-03-11,LB
3500.9,Admin,1976-08-19,LB
4200.6,Admin,1988-10-09,LB
4800.1,Admin,1996-09-25,LB
5300.3,Admin,2003-04-07,LB
5650.8,Admin,2010-02-18,LB
5900.4,Admin,2016-11-23,LB
6100.7,Admin,2023-10-03,LB

600.4,Admin,1952-03-28,LR
900.7,Admin,1964-08-19,LR
1300.3,Admin,1975-12-07,LR
1700.9,Admin,1987-02-11,LR
2100.5,Admin,1996-11-01,LR
2400.2,Admin,2003-06-23,LR
2650.8,Admin,2011-09-14,LR
2800.4,Admin,2017-05-09,LR
2900.7,Admin,2023-01-27,LR

2500.3,Admin,1949-07-01,LY
3800.9,Admin,1962-05-15,LY
5200.6,Admin,1975-01-07,LY
6500.4,Admin,1987-04-20,LY
7800.1,Admin,1996-08-09,LY
8900.7,Admin,2003-12-02,LY
9700.8,Admin,2010-06-11,LY
10200.2,Admin,2016-10-04,LY
10500.9,Admin,2023-05-17,LY

80.4,Admin,1958-09-29,LI
130.7,Admin,1969-01-25,LI
180.1,Admin,1978-03-18,LI
230.8,Admin,1988-07-22,LI
270.3,Admin,1994-12-14,LI
310.5,Admin,2003-11-10,LI
340.9,Admin,2012-08-01,LI
360.6,Admin,2018-09-27,LI
375.4,Admin,2023-03-06,LI

1500.9,Admin,1947-04-30,LT
2400.3,Admin,1963-05-29,LT
3200.7,Admin,1977-09-16,LT
4000.1,Admin,1990-02-08,LT
4700.8,Admin,1999-01-03,LT
5200.4,Admin,2005-08-20,LT
5600.9,Admin,2012-04-14,LT
5900.6,Admin,2018-10-31,LT
6100.2,Admin,2023-08-27,LT

2800.4,Admin,1954-10-15,LU
3900.6,Admin,1968-02-19,LU
5000.3,Admin,1979-07-22,LU
6100.7,Admin,1988-03-29,LU
7000.2,Admin,1996-12-12,LU
7600.8,Admin,2004-09-04,LU
8150.1,Admin,2010-06-17,LU
8450.9,Admin,2016-10-05,LU
8700.3,Admin,2023-06-19,LU

900.7,Admin,1959-11-18,MO
1300.2,Admin,1970-08-30,MO
1800.8,Admin,1985-05-13,MO
2300.3,Admin,1994-10-04,MO
2700.7,Admin,2001-04-29,MO
3000.4,Admin,2007-12-21,MO
3220.9,Admin,2014-07-15,MO
3380.2,Admin,2021-03-08,MO

600.5,Admin,1946-06-02,MG
900.4,Admin,1960-09-27,MG
1300.8,Admin,1975-07-02,MG
1700.2,Admin,1988-01-22,MG
2100.7,Admin,1996-10-30,MG
2400.3,Admin,2003-04-07,MG
2650.9,Admin,2010-12-12,MG
2800.4,Admin,2018-06-17,MG
2950.6,Admin,2023-01-14,MG

300.4,Admin,1958-08-09,MW
450.7,Admin,1970-03-18,MW
700.2,Admin,1982-12-24,MW
900.9,Admin,1994-10-01,MW
1100.3,Admin,2002-02-19,MW
1300.7,Admin,2009-07-28,MW
1450.5,Admin,2016-09-08,MW
1550.9,Admin,2023-04-21,MW

35000.4,Admin,1951-01-27,MY
45000.8,Admin,1964-09-22,MY
52000.2,Admin,1978-04-14,MY
59000.7,Admin,1989-11-08,MY
64000.4,Admin,1997-06-28,MY
69000.9,Admin,2004-08-21,MY
72000.1,Admin,2011-03-07,MY
75500.6,Admin,2017-02-11,MY
78000.3,Admin,2023-09-26,MY

400.6,Admin,1961-10-10,MV
600.2,Admin,1973-04-03,MV
900.8,Admin,1986-02-14,MV
1200.4,Admin,1998-06-05,MV
1450.9,Admin,2004-11-30,MV
1650.3,Admin,2012-01-27,MV
1780.7,Admin,2018-08-22,MV
1850.1,Admin,2023-04-30,MV

1200.5,Admin,1947-07-05,ML
1700.8,Admin,1962-03-29,ML
2400.4,Admin,1978-06-18,ML
3000.1,Admin,1987-10-23,ML
3500.7,Admin,1996-05-16,ML
3900.3,Admin,2003-12-03,ML
4200.8,Admin,2010-08-29,ML
4450.2,Admin,2017-02-04,ML
4600.6,Admin,2023-05-12,ML

2000.4,Admin,1948-04-09,MT
2800.7,Admin,1961-08-14,MT
3600.2,Admin,1974-03-30,MT
4300.9,Admin,1985-09-11,MT
4900.4,Admin,1996-02-02,MT
5300.8,Admin,2004-05-24,MT
5650.1,Admin,2011-11-13,MT
5850.9,Admin,2018-10-30,MT
6000.6,Admin,2023-06-28,MT

80.4,Admin,1960-06-19,MP
120.8,Admin,1974-10-12,MP
180.1,Admin,1988-01-30,MP
230.6,Admin,1998-09-15,MP
270.9,Admin,2005-05-22,MP
300.4,Admin,2012-04-26,MP
320.7,Admin,2018-07-09,MP
335.1,Admin,2023-02-17,MP

3800.5,Admin,1951-12-27,MA
5500.8,Admin,1965-10-03,MA
7200.4,Admin,1979-07-29,MA
8800.9,Admin,1991-06-15,MA
10100.3,Admin,1999-12-08,MA
11200.7,Admin,2007-03-21,MA
12050.4,Admin,2012-10-09,MA
12600.8,Admin,2018-09-22,MA
12900.6,Admin,2023-05-04,MA

150.3,Admin,1961-09-03,MH
220.8,Admin,1974-11-29,MH
300.6,Admin,1987-07-21,MH
380.1,Admin,1995-10-07,MH
450.9,Admin,2002-12-31,MH
500.4,Admin,2009-03-18,MH
540.7,Admin,2015-08-27,MH
560.2,Admin,2023-01-29,MH

550.4,Admin,1953-03-13,MQ
800.9,Admin,1966-01-24,MQ
1050.1,Admin,1977-09-06,MQ
1300.7,Admin,1988-11-18,MQ
1550.9,Admin,1996-08-29,MQ
1750.4,Admin,2004-05-14,MQ
1900.3,Admin,2011-02-07,MQ
1980.8,Admin,2018-09-02,MQ
2050.1,Admin,2023-03-16,MQ

600.3,Admin,1950-12-01,MR
850.7,Admin,1963-04-26,MR
1150.2,Admin,1977-10-13,MR
1500.8,Admin,1989-06-02,MR
1800.4,Admin,1998-07-25,MR
2050.9,Admin,2003-11-17,MR
2250.5,Admin,2011-09-08,MR
2380.2,Admin,2017-02-22,MR
2470.8,Admin,2023-09-21,MR

1200.6,Admin,1957-03-09,MU
1800.3,Admin,1968-05-30,MU
2400.7,Admin,1978-02-16,MU
2950.1,Admin,1988-12-09,MU
3400.8,Admin,1996-04-18,MU
3800.5,Admin,2003-01-14,MU
4100.9,Admin,2010-07-05,MU
4350.3,Admin,2017-06-27,MU
4500.7,Admin,2023-01-09,MU

90.4,Admin,1978-01-16,YT
140.9,Admin,1992-03-12,YT
190.5,Admin,2001-11-29,YT
230.8,Admin,2009-08-14,YT
260.3,Admin,2017-04-19,YT
275.6,Admin,2023-06-08,YT

18000.4,Admin,1948-04-29,MX
23000.7,Admin,1962-10-13,MX
28000.3,Admin,1974-06-22,MX
33000.9,Admin,1985-09-11,MX
37500.4,Admin,1994-03-27,MX
41000.6,Admin,2002-08-19,MX
44500.1,Admin,2009-07-04,MX
46800.5,Admin,2015-12-21,MX
48200.9,Admin,2023-01-29,MX

200.5,Admin,1960-03-02,FM
320.8,Admin,1974-12-15,FM
450.1,Admin,1988-06-10,FM
580.7,Admin,1998-08-19,FM
690.3,Admin,2005-04-07,FM
770.9,Admin,2012-02-28,FM
820.4,Admin,2018-01-19,FM
850.2,Admin,2023-03-11,FM

3000.4,Admin,1952-12-27,MD
4200.8,Admin,1963-07-19,MD
5500.2,Admin,1977-01-06,MD
6600.9,Admin,1988-09-15,MD
7600.3,Admin,1996-11-29,MD
8200.7,Admin,2003-05-27,MD
8750.4,Admin,2011-03-12,MD
9100.9,Admin,2017-10-05,MD
9350.2,Admin,2023-06-17,MD

700.4,Admin,1955-02-14,MC
950.9,Admin,1968-06-01,MC
1300.2,Admin,1980-08-25,MC
1550.7,Admin,1988-10-17,MC
1800.4,Admin,1997-01-08,MC
2050.9,Admin,2004-04-29,MC
2220.3,Admin,2011-02-14,MC
2330.8,Admin,2018-06-10,MC
2400.1,Admin,2023-09-04,MC

1800.7,Admin,1947-03-14,MN
2600.3,Admin,1960-02-03,MN
3400.9,Admin,1972-11-18,MN
4200.6,Admin,1986-03-25,MN
5000.1,Admin,1996-05-12,MN
5600.4,Admin,2004-07-07,MN
6100.8,Admin,2010-10-14,MN
6450.2,Admin,2017-08-01,MN
6700.7,Admin,2023-02-28,MN

2400.5,Admin,1953-01-29,ME
3200.9,Admin,1967-04-10,ME
4000.3,Admin,1979-06-22,ME
4700.8,Admin,1989-03-03,ME
5300.4,Admin,1999-05-14,ME
5800.2,Admin,2006-11-05,ME
6200.7,Admin,2013-09-30,ME
6500.1,Admin,2018-12-08,ME
6700.9,Admin,2023-06-19,ME

100.4,Admin,1961-10-12,MS
150.9,Admin,1974-04-29,MS
205.5,Admin,1987-11-21,MS
255.1,Admin,1996-08-02,MS
300.7,Admin,2003-05-30,MS
335.2,Admin,2010-01-14,MS
360.6,Admin,2017-03-04,MS
375.1,Admin,2023-04-22,MS

900.3,Admin,1954-09-08,MZ
1200.8,Admin,1968-02-27,MZ
1600.2,Admin,1979-06-18,MZ
2000.9,Admin,1988-03-26,MZ
2400.5,Admin,1997-01-07,MZ
2650.3,Admin,2003-12-02,MZ
2900.7,Admin,2010-10-22,MZ
3050.4,Admin,2016-05-05,MZ
3180.8,Admin,2022-08-17,MZ

1500.2,Admin,1953-11-10,MM
2100.9,Admin,1965-07-04,MM
2700.3,Admin,1979-02-23,MM
3300.8,Admin,1987-10-11,MM
3800.4,Admin,1996-06-14,MM
4200.9,Admin,2004-09-29,MM
4500.6,Admin,2009-12-12,MM
4750.3,Admin,2016-07-18,MM
4900.8,Admin,2023-03-03,MM

1200.3,Admin,1952-08-28,NA
1800.7,Admin,1963-01-15,NA
2400.1,Admin,1977-05-11,NA
3000.4,Admin,1988-12-23,NA
3600.9,Admin,1997-08-02,NA
4100.5,Admin,2003-10-09,NA
4450.2,Admin,2011-05-30,NA
4700.8,Admin,2017-04-27,NA
4850.4,Admin,2023-07-19,NA

8.7,Admin,1990-07-11,NR
11.3,Admin,2002-03-29,NR
13.9,Admin,2009-01-20,NR
15.2,Admin,2016-06-03,NR
16.0,Admin,2023-01-26,NR

700.4,Admin,1957-03-14,NP
1100.8,Admin,1970-11-08,NP
1600.1,Admin,1982-02-22,NP
2100.6,Admin,1994-12-30,NP
2600.9,Admin,2003-08-23,NP
3000.3,Admin,2011-03-15,NP
3250.7,Admin,2017-07-09,NP
3400.4,Admin,2022-10-04,NP

800.3,Admin,1950-10-22,NC
1200.6,Admin,1963-03-18,NC
1600.9,Admin,1978-02-07,NC
1900.1,Admin,1986-04-19,NC
2200.4,Admin,1996-01-08,NC
2450.7,Admin,2004-07-25,NC
2650.3,Admin,2012-12-16,NC
2800.9,Admin,2018-10-02,NC
2900.6,Admin,2023-08-14,NC

3500.4,Admin,1949-05-14,NZ
5000.8,Admin,1962-11-06,NZ
6500.2,Admin,1975-04-25,NZ
8000.9,Admin,1988-09-23,NZ
9300.5,Admin,1996-10-12,NZ
10300.1,Admin,2004-01-31,NZ
11000.6,Admin,2011-11-29,NZ
11500.2,Admin,2017-04-08,NZ
11800.7,Admin,2023-03-26,NZ

1000.4,Admin,1959-02-27,NI
1500.7,Admin,1971-07-18,NI
2100.2,Admin,1983-11-03,NI
2600.8,Admin,1994-09-29,NI
3000.4,Admin,2003-08-12,NI
3300.1,Admin,2009-10-23,NI
3500.6,Admin,2015-03-14,NI
3650.3,Admin,2021-06-07,NI

9000.3,Admin,1954-09-12,NL
13000.7,Admin,1967-12-27,NL
17000.3,Admin,1978-08-22,NL
21000.8,Admin,1990-02-09,NL
24000.5,Admin,1998-06-21,NL
26500.1,Admin,2006-03-15,NL
28000.8,Admin,2013-04-06,NL
29200.2,Admin,2018-12-17,NL
29900.7,Admin,2023-09-14,NL

700.4,Admin,1953-05-27,NE
1100.8,Admin,1968-11-10,NE
1500.3,Admin,1978-07-03,NE
1900.7,Admin,1989-03-28,NE
2250.1,Admin,1997-04-11,NE
2500.6,Admin,2005-08-09,NE
2700.4,Admin,2011-01-30,NE
2850.8,Admin,2017-10-02,NE
2950.3,Admin,2023-07-27,NE

3000.3,Admin,1951-08-02,NG
4500.9,Admin,1960-10-25,NG
6500.5,Admin,1979-01-30,NG
8200.1,Admin,1990-04-14,NG
9800.4,Admin,1998-12-29,NG
11000.7,Admin,2007-03-17,NG
12050.2,Admin,2012-06-01,NG
12800.9,Admin,2018-05-13,NG
13200.4,Admin,2023-02-08,NG

20.4,Admin,1980-02-17,NU
27.8,Admin,1993-04-28,NU
33.5,Admin,2002-06-13,NU
38.2,Admin,2010-05-19,NU
41.3,Admin,2017-09-07,NU
43.0,Admin,2023-01-31,NU

2000.4,Admin,1952-02-11,MK
3000.7,Admin,1967-09-25,MK
3800.2,Admin,1979-03-17,MK
4500.6,Admin,1988-11-29,MK
5100.3,Admin,1997-04-08,MK
5600.9,Admin,2004-10-21,MK
6000.4,Admin,2011-06-12,MK
6250.7,Admin,2017-09-04,MK
6400.1,Admin,2023-07-19,MK

50.3,Admin,1971-06-29,NF
70.9,Admin,1985-01-03,NF
90.5,Admin,1994-11-27,NF
110.2,Admin,2002-06-18,NF
125.7,Admin,2009-09-09,NF
135.3,Admin,2016-03-15,NF
142.6,Admin,2023-04-22,NF

8000.4,Admin,1946-05-06,NO
11000.7,Admin,1959-12-19,NO
14000.2,Admin,1973-03-03,NO
17000.9,Admin,1987-08-14,NO
19500.4,Admin,1996-04-09,NO
21500.8,Admin,2004-01-22,NO
23000.3,Admin,2010-10-02,NO
24000.7,Admin,2017-11-17,NO
24700.5,Admin,2023-05-13,NO

3000.8,Admin,1953-08-20,OM
4800.4,Admin,1967-11-06,OM
6500.9,Admin,1979-01-28,OM
8200.1,Admin,1986-03-12,OM
9800.7,Admin,1998-10-19,OM
11000.5,Admin,2004-06-03,OM
12100.2,Admin,2011-04-21,OM
13000.6,Admin,2016-08-13,OM
13600.9,Admin,2023-09-01,OM

8000.1,Admin,1949-09-16,AT
11000.4,Admin,1961-05-12,AT
13500.3,Admin,1975-12-04,AT
16000.9,Admin,1987-03-21,AT
17800.5,Admin,1998-09-27,AT
19200.1,Admin,2004-02-10,AT
20500.7,Admin,2010-06-29,AT
21400.3,Admin,2016-11-06,AT
22000.8,Admin,2023-04-08,AT

300.4,Admin,1971-01-14,TL
500.9,Admin,1988-09-03,TL
750.6,Admin,1999-02-21,TL
950.3,Admin,2004-12-19,TL
1100.7,Admin,2010-08-10,TL
1250.2,Admin,2017-05-01,TL
1330.8,Admin,2023-02-27,TL

5000.4,Admin,1947-09-10,PK
8000.9,Admin,1962-03-29,PK
12000.6,Admin,1976-06-15,PK
16000.3,Admin,1989-12-05,PK
19500.8,Admin,1998-07-18,PK
22500.2,Admin,2004-05-03,PK
24500.7,Admin,2010-11-22,PK
26000.4,Admin,2016-06-30,PK
27000.9,Admin,2023-08-14,PK

700.3,Admin,1958-04-18,PS
1000.7,Admin,1970-02-28,PS
1500.2,Admin,1979-09-19,PS
2000.9,Admin,1989-11-17,PS
2400.5,Admin,1998-01-06,PS
2700.8,Admin,2004-10-29,PS
3000.3,Admin,2010-08-12,PS
3200.1,Admin,2017-03-10,PS
3350.4,Admin,2023-09-02,PS

40.4,Admin,1965-06-27,PW
60.8,Admin,1977-05-09,PW
90.3,Admin,1989-03-30,PW
110.6,Admin,1997-11-14,PW
130.1,Admin,2003-09-10,PW
145.5,Admin,2010-02-25,PW
155.8,Admin,2016-10-31,PW
162.4,Admin,2023-01-22,PW

2500.4,Admin,1954-11-20,PA
3800.8,Admin,1968-03-12,PA
5200.1,Admin,1980-04-29,PA
6400.7,Admin,1992-08-08,PA
7400.3,Admin,1999-06-27,PA
8200.9,Admin,2006-03-09,PA
8800.2,Admin,2012-01-25,PA
9200.8,Admin,2018-05-03,PA
9500.6,Admin,2023-07-19,PA

1200.5,Admin,1952-06-10,PG
1800.8,Admin,1964-03-17,PG
2400.2,Admin,1978-02-09,PG
3100.9,Admin,1989-05-30,PG
3600.4,Admin,1996-09-22,PG
3950.7,Admin,2003-06-04,PG
4300.3,Admin,2011-01-13,PG
4550.8,Admin,2017-02-08,PG
4700.1,Admin,2023-08-27,PG

1600.3,Admin,1953-04-02,PY
2300.7,Admin,1967-06-19,PY
3000.2,Admin,1979-11-05,PY
3600.9,Admin,1988-07-21,PY
4100.4,Admin,1997-05-16,PY
4500.1,Admin,2004-03-11,PY
4800.7,Admin,2011-09-30,PY
5000.4,Admin,2017-03-18,PY
5150.6,Admin,2023-05-01,PY

7000.3,Admin,1948-02-12,PE
9500.8,Admin,1960-10-28,PE
12500.1,Admin,1974-07-06,PE
15800.9,Admin,1988-09-17,PE
18000.2,Admin,1999-02-11,PE
19800.7,Admin,2004-10-19,PE
21200.1,Admin,2010-07-22,PE
22400.8,Admin,2017-04-30,PE
23100.4,Admin,2023-06-14,PE

9000.8,Admin,1952-09-07,PH
13000.4,Admin,1966-04-18,PH
17000.9,Admin,1978-03-20,PH
21000.6,Admin,1986-12-27,PH
24500.3,Admin,1998-11-08,PH
27200.7,Admin,2006-01-17,PH
29500.1,Admin,2012-08-03,PH
31000.5,Admin,2017-10-29,PH
32000.9,Admin,2023-01-11,PH

5.4,Admin,1961-11-10,PN
7.8,Admin,1972-08-24,PN
10.1,Admin,1983-04-02,PN
12.9,Admin,1996-12-08,PN
14.3,Admin,2003-06-21,PN
15.6,Admin,2012-09-17,PN
16.2,Admin,2019-04-27,PN
16.8,Admin,2023-03-15,PN

12000.3,Admin,1947-10-03,PL
16500.9,Admin,1960-12-19,PL
21000.2,Admin,1975-03-03,PL
24500.7,Admin,1988-11-07,PL
27000.4,Admin,1999-07-15,PL
29000.8,Admin,2004-02-21,PL
30500.1,Admin,2011-06-29,PL
31700.9,Admin,2017-09-13,PL
32500.5,Admin,2023-05-24,PL

9000.5,Admin,1946-06-04,PT
13500.8,Admin,1961-02-13,PT
17200.3,Admin,1974-05-22,PT
20500.6,Admin,1987-08-19,PT
23200.2,Admin,1996-10-07,PT
25500.9,Admin,2003-12-25,PT
27000.4,Admin,2010-05-14,PT
28200.8,Admin,2017-03-05,PT
28900.1,Admin,2023-07-10,PT

8000.3,Admin,1948-09-30,PR
11000.9,Admin,1959-10-03,PR
14500.6,Admin,1973-11-14,PR
17500.3,Admin,1988-05-20,PR
19800.7,Admin,1999-04-12,PR
21500.4,Admin,2004-12-29,PR
23000.8,Admin,2011-09-08,PR
24000.2,Admin,2017-01-31,PR
24700.6,Admin,2023-06-02,PR

700.4,Admin,1954-03-09,RE
950.8,Admin,1968-11-27,RE
1200.2,Admin,1980-06-15,RE
1500.9,Admin,1992-01-21,RE
1750.3,Admin,1999-10-05,RE
1950.6,Admin,2006-08-12,RE
2100.1,Admin,2012-04-19,RE
2200.7,Admin,2018-09-08,RE
2270.4,Admin,2023-03-14,RE

4000.6,Admin,1948-08-12,RO
5600.3,Admin,1959-03-17,RO
7200.9,Admin,1974-06-09,RO
8800.4,Admin,1988-02-28,RO
10200.7,Admin,1998-05-17,RO
11400.2,Admin,2004-11-21,RO
12300.6,Admin,2011-08-16,RO
12900.3,Admin,2017-07-10,RO
13300.9,Admin,2023-01-03,RO

25000.4,Admin,1946-10-29,RU
32000.7,Admin,1960-01-12,RU
38000.3,Admin,1974-03-03,RU
45000.9,Admin,1985-11-24,RU
51000.1,Admin,1994-07-08,RU
55000.8,Admin,2002-02-19,RU
58000.2,Admin,2010-04-26,RU
60000.7,Admin,2017-06-13,RU
61200.4,Admin,2023-05-21,RU

500.3,Admin,1951-07-28,RW
720.8,Admin,1966-02-03,RW
950.4,Admin,1977-10-18,RW
1200.7,Admin,1988-05-26,RW
1450.2,Admin,1998-07-11,RW
1650.9,Admin,2005-09-30,RW
1800.6,Admin,2011-12-18,RW
1900.3,Admin,2018-03-05,RW
1970.7,Admin,2023-09-07,RW

150.4,Admin,1954-04-21,KN
220.7,Admin,1970-03-26,KN
310.2,Admin,1983-12-05,KN
380.9,Admin,1996-08-17,KN
430.1,Admin,2004-01-29,KN
480.8,Admin,2011-10-10,KN
510.5,Admin,2017-06-02,KN
530.9,Admin,2023-01-11,KN

200.6,Admin,1956-12-08,LC
320.9,Admin,1969-10-14,LC
450.1,Admin,1981-03-22,LC
580.7,Admin,1990-11-10,LC
690.4,Admin,1998-07-27,LC
770.3,Admin,2006-01-06,LC
830.7,Admin,2013-05-29,LC
860.9,Admin,2018-12-24,LC
885.2,Admin,2023-07-09,LC

250.3,Admin,1951-11-13,VC
370.8,Admin,1965-04-22,VC
480.1,Admin,1977-03-15,VC
590.9,Admin,1989-08-21,VC
700.5,Admin,1997-05-10,VC
780.4,Admin,2005-12-02,VC
840.8,Admin,2012-09-17,VC
870.3,Admin,2018-04-06,VC
895.6,Admin,2023-08-30,VC

180.5,Admin,1970-09-18,MF
250.9,Admin,1982-04-06,MF
330.4,Admin,1994-02-11,MF
410.7,Admin,2003-10-15,MF
460.3,Admin,2009-07-09,MF
495.8,Admin,2016-12-30,MF
510.6,Admin,2023-02-16,MF

220.3,Admin,1958-10-25,PM
330.8,Admin,1969-06-03,PM
450.1,Admin,1983-09-27,PM
560.4,Admin,1995-11-19,PM
650.7,Admin,2003-04-29,PM
710.2,Admin,2010-01-22,PM
760.9,Admin,2017-08-06,PM
790.3,Admin,2023-04-28,PM

100.5,Admin,1959-12-02,BL
150.1,Admin,1970-05-21,BL
210.8,Admin,1982-07-18,BL
260.3,Admin,1995-04-02,BL
300.7,Admin,2003-06-09,BL
330.8,Admin,2011-09-01,BL
350.9,Admin,2018-03-20,BL
365.2,Admin,2023-08-12,BL

700.4,Admin,1953-02-07,SB
1050.8,Admin,1970-08-14,SB
1450.1,Admin,1983-01-26,SB
1850.6,Admin,1992-10-03,SB
2150.9,Admin,1999-12-30,SB
2450.3,Admin,2005-11-08,SB
2700.7,Admin,2011-06-22,SB
2850.1,Admin,2017-03-28,SB
2950.4,Admin,2023-09-17,SB

1200.3,Admin,1952-09-19,ZM
1700.7,Admin,1964-03-28,ZM
2200.2,Admin,1976-12-12,ZM
2700.8,Admin,1989-06-02,ZM
3100.5,Admin,1997-11-28,ZM
3500.2,Admin,2004-09-05,ZM
3800.9,Admin,2011-01-14,ZM
4000.4,Admin,2017-08-09,ZM
4150.7,Admin,2023-05-02,ZM

300.4,Admin,1951-08-07,AS
450.7,Admin,1964-12-30,AS
650.9,Admin,1978-06-27,AS
820.4,Admin,1989-11-14,AS
950.8,Admin,1998-03-19,AS
1050.1,Admin,2006-02-22,AS
1150.9,Admin,2012-10-28,AS
1210.3,Admin,2018-08-16,AS
1250.5,Admin,2023-06-24,AS

120.4,Admin,1953-07-29,WS
180.8,Admin,1969-04-21,WS
260.3,Admin,1979-08-13,WS
330.7,Admin,1988-05-17,WS
390.2,Admin,1999-09-08,WS
430.9,Admin,2005-01-12,WS
470.3,Admin,2011-02-07,WS
500.8,Admin,2017-12-26,WS
520.6,Admin,2023-02-21,WS

300.4,Admin,1951-01-16,SM
450.1,Admin,1965-09-23,SM
610.7,Admin,1979-03-19,SM
780.4,Admin,1990-06-29,SM
900.6,Admin,1999-11-03,SM
980.3,Admin,2005-12-21,SM
1040.7,Admin,2012-04-13,SM
1080.1,Admin,2018-08-28,SM
1110.4,Admin,2023-03-09,SM

700.2,Admin,1952-10-09,ST
1050.6,Admin,1963-08-23,ST
1400.1,Admin,1976-01-05,ST
1750.8,Admin,1988-11-19,ST
2100.4,Admin,1999-04-08,ST
2350.9,Admin,2004-12-12,ST
2550.7,Admin,2012-03-25,ST
2680.1,Admin,2017-10-18,ST
2790.6,Admin,2023-08-05,ST

18000.4,Admin,1947-08-08,SA
23500.7,Admin,1962-06-19,SA
29000.3,Admin,1975-03-14,SA
34000.8,Admin,1987-09-01,SA
38000.1,Admin,1998-02-17,SA
41000.4,Admin,2003-07-29,SA
43200.9,Admin,2011-10-21,SA
44500.2,Admin,2017-06-10,SA
45500.6,Admin,2023-05-12,SA

11000.4,Admin,1948-05-02,SE
14500.9,Admin,1961-12-08,SE
17800.6,Admin,1974-07-25,SE
20500.2,Admin,1986-10-14,SE
23000.5,Admin,1996-06-06,SE
25000.7,Admin,2004-03-03,SE
26500.3,Admin,2010-02-19,SE
27600.8,Admin,2017-04-27,SE
28300.1,Admin,2023-09-06,SE

9500.4,Admin,1948-11-12,CH
13000.7,Admin,1961-03-28,CH
16500.2,Admin,1974-02-09,CH
19000.6,Admin,1987-10-21,CH
21000.3,Admin,1997-07-03,CH
22500.9,Admin,2004-12-15,CH
23800.4,Admin,2011-06-25,CH
24700.8,Admin,2017-04-19,CH
25300.2,Admin,2023-01-07,CH

1000.3,Admin,1955-06-29,SN
1600.6,Admin,1968-09-14,SN
2200.9,Admin,1979-11-26,SN
2700.4,Admin,1989-04-30,SN
3150.7,Admin,1997-08-23,SN
3500.3,Admin,2003-10-29,SN
3800.6,Admin,2010-01-12,SN
4000.4,Admin,2016-05-09,SN
4150.8,Admin,2023-09-14,SN

5500.7,Admin,1949-02-25,RS
7600.3,Admin,1961-08-18,RS
9800.9,Admin,1976-01-29,RS
11800.4,Admin,1988-03-17,RS
13500.1,Admin,1997-10-12,RS
14800.8,Admin,2004-04-22,RS
15800.6,Admin,2011-03-30,RS
16500.9,Admin,2018-06-08,RS
17000.4,Admin,2023-07-31,RS

400.4,Admin,1958-10-14,SC
600.7,Admin,1970-04-09,SC
850.2,Admin,1981-12-20,SC
1100.6,Admin,1990-11-18,SC
1300.1,Admin,1998-02-27,SC
1450.5,Admin,2004-03-16,SC
1600.3,Admin,2011-02-28,SC
1700.8,Admin,2018-01-05,SC
1780.4,Admin,2023-03-26,SC

900.3,Admin,1956-05-03,SL
1400.9,Admin,1967-01-27,SL
1800.5,Admin,1979-03-14,SL
2300.8,Admin,1989-10-22,SL
2700.4,Admin,1999-01-10,SL
3050.7,Admin,2006-02-18,SL
3300.2,Admin,2011-07-23,SL
3450.9,Admin,2017-10-09,SL
3550.5,Admin,2023-08-17,SL

1800.2,Admin,1954-06-28,ZW
2600.6,Admin,1968-03-05,ZW
3400.8,Admin,1976-12-19,ZW
4100.3,Admin,1989-08-11,ZW
4600.9,Admin,1998-06-21,ZW
5000.2,Admin,2006-10-14,ZW
5300.7,Admin,2012-09-06,ZW
5500.4,Admin,2018-11-25,ZW
5650.1,Admin,2023-04-15,ZW

8000.4,Admin,1947-03-11,SG
11500.8,Admin,1961-02-02,SG
14500.3,Admin,1975-05-24,SG
17500.9,Admin,1987-07-20,SG
20000.2,Admin,1998-08-03,SG
22000.6,Admin,2003-12-10,SG
23500.4,Admin,2011-05-18,SG
24500.9,Admin,2017-09-09,SG
25200.5,Admin,2023-06-17,SG

200.5,Admin,1981-04-16,SX
320.9,Admin,1994-11-03,SX
450.4,Admin,2002-08-12,SX
570.1,Admin,2009-04-29,SX
650.6,Admin,2016-02-07,SX
700.3,Admin,2023-07-22,SX

5000.6,Admin,1946-12-03,SK
7200.8,Admin,1960-05-25,SK
9500.3,Admin,1974-08-19,SK
12000.9,Admin,1987-01-13,SK
14000.4,Admin,1998-07-09,SK
15500.1,Admin,2004-03-30,SK
16800.6,Admin,2011-09-03,SK
17500.8,Admin,2017-10-26,SK
18100.3,Admin,2023-05-18,SK

4500.3,Admin,1947-05-18,SI
6500.9,Admin,1961-08-02,SI
8800.5,Admin,1974-03-29,SI
11200.1,Admin,1988-11-30,SI
13000.4,Admin,1999-06-19,SI
14300.7,Admin,2004-10-08,SI
15400.2,Admin,2011-02-17,SI
16000.8,Admin,2017-04-15,SI
16500.3,Admin,2023-01-28,SI

900.3,Admin,1952-10-06,SO
1400.7,Admin,1964-04-28,SO
1900.2,Admin,1975-11-11,SO
2400.6,Admin,1987-01-07,SO
2800.4,Admin,1996-08-20,SO
3100.8,Admin,2003-03-13,SO
3350.1,Admin,2011-10-29,SO
3500.7,Admin,2017-07-03,SO
3600.2,Admin,2023-09-09,SO

15000.1,Admin,1947-09-28,ES
21000.4,Admin,1960-11-02,ES
26000.7,Admin,1975-06-25,ES
31000.3,Admin,1986-12-03,ES
35000.8,Admin,1998-04-14,ES
37500.5,Admin,2003-10-18,ES
39500.1,Admin,2011-01-29,ES
40700.4,Admin,2017-05-22,ES
41500.9,Admin,2023-03-02,ES

2200.4,Admin,1953-07-03,LK
3500.9,Admin,1967-11-13,LK
4900.6,Admin,1979-09-21,LK
6200.3,Admin,1989-03-15,LK
7400.8,Admin,1999-06-02,LK
8100.1,Admin,2006-12-27,LK
8650.7,Admin,2011-05-14,LK
9000.3,Admin,2017-09-18,LK
9250.8,Admin,2023-02-09,LK

50.4,Admin,1961-03-07,SH
75.8,Admin,1976-12-19,SH
100.2,Admin,1988-09-08,SH
125.5,Admin,1997-03-28,SH
140.9,Admin,2005-10-13,SH
155.6,Admin,2012-04-05,SH
165.3,Admin,2018-11-29,SH
172.8,Admin,2023-09-03,SH

9000.4,Admin,1948-10-23,ZA
13000.1,Admin,1961-06-02,ZA
17000.7,Admin,1974-04-15,ZA
21000.2,Admin,1986-07-01,ZA
24500.8,Admin,1998-03-05,ZA
27000.3,Admin,2004-09-11,ZA
29000.9,Admin,2011-01-30,ZA
30500.4,Admin,2017-05-12,ZA
31500.8,Admin,2023-06-29,ZA

3500.3,Admin,1952-04-30,SD
5000.8,Admin,1965-08-19,SD
6500.2,Admin,1979-01-07,SD
7900.9,Admin,1990-10-05,SD
9200.4,Admin,1999-12-12,SD
10300.7,Admin,2006-06-18,SD
11100.3,Admin,2011-12-28,SD
11800.9,Admin,2017-03-24,SD
12200.5,Admin,2023-05-14,SD

5.1,Admin,1958-01-10,GS
7.6,Admin,1972-12-08,GS
10.2,Admin,1984-02-19,GS
12.4,Admin,1998-07-06,GS
14.1,Admin,2005-03-28,GS
15.7,Admin,2012-11-11,GS
16.9,Admin,2018-06-17,GS
17.5,Admin,2023-09-22,GS

500.4,Admin,1954-06-01,SS
750.7,Admin,1970-11-14,SS
1100.3,Admin,1983-08-26,SS
1500.9,Admin,1996-12-30,SS
1800.2,Admin,2003-09-19,SS
2050.8,Admin,2010-04-26,SS
2250.5,Admin,2017-07-12,SS
2370.1,Admin,2023-02-18,SS

2500.6,Admin,1953-03-19,SR
3800.9,Admin,1965-05-08,SR
5200.3,Admin,1978-04-12,SR
6500.8,Admin,1989-10-21,SR
7600.4,Admin,1997-06-29,SR
8450.1,Admin,2004-08-03,SR
9100.9,Admin,2011-01-27,SR
9450.3,Admin,2017-05-14,SR
9700.7,Admin,2023-09-10,SR

2000.5,Admin,1950-11-09,SY
3000.8,Admin,1962-06-17,SY
4200.3,Admin,1975-01-26,SY
5400.9,Admin,1988-07-03,SY
6500.4,Admin,1996-03-29,SY
7200.7,Admin,2003-09-18,SY
7700.2,Admin,2011-02-10,SY
8000.9,Admin,2018-04-07,SY
8200.5,Admin,2023-01-14,SY

800.4,Admin,1951-08-15,TJ
1200.9,Admin,1966-02-27,TJ
1600.3,Admin,1978-04-19,TJ
2000.8,Admin,1990-12-02,TJ
2350.1,Admin,1999-07-23,TJ
2600.6,Admin,2004-05-30,TJ
2850.9,Admin,2012-01-07,TJ
3000.4,Admin,2018-11-09,TJ
3120.8,Admin,2023-06-03,TJ

7000.5,Admin,1948-09-22,TW
10500.9,Admin,1960-01-04,TW
14000.4,Admin,1975-03-22,TW
17000.8,Admin,1986-08-14,TW
20000.1,Admin,1996-06-19,TW
22500.7,Admin,2004-12-05,TW
24200.3,Admin,2010-04-28,TW
25500.1,Admin,2017-09-13,TW
26300.8,Admin,2023-02-27,TW

2500.3,Admin,1952-03-18,TZ
3500.7,Admin,1964-09-07,TZ
4500.4,Admin,1978-12-01,TZ
5500.8,Admin,1987-10-23,TZ
6300.2,Admin,1998-03-17,TZ
7000.4,Admin,2005-11-29,TZ
7450.7,Admin,2011-05-02,TZ
7800.5,Admin,2018-06-14,TZ
8050.9,Admin,2023-07-26,TZ

6000.3,Admin,1949-06-05,TH
8500.8,Admin,1962-10-30,TH
11000.2,Admin,1975-04-28,TH
14000.9,Admin,1988-01-15,TH
17000.4,Admin,1999-08-11,TH
19000.8,Admin,2004-02-13,TH
20500.3,Admin,2011-03-21,TH
21800.7,Admin,2017-10-27,TH
22500.2,Admin,2023-03-19,TH

800.2,Admin,1954-02-26,TG
1200.7,Admin,1968-05-11,TG
1600.4,Admin,1978-12-14,TG
2000.8,Admin,1989-11-06,TG
2400.3,Admin,1998-02-09,TG
2700.9,Admin,2004-07-12,TG
2950.4,Admin,2010-01-03,TG
3100.8,Admin,2017-09-29,TG
3200.6,Admin,2023-01-25,TG

10.5,Admin,1985-06-18,TK
15.7,Admin,1995-10-14,TK
20.9,Admin,2005-01-22,TK
23.4,Admin,2012-08-03,TK
25.1,Admin,2019-03-18,TK
26.0,Admin,2023-09-02,TK

80.4,Admin,1962-02-15,TO
120.8,Admin,1974-09-06,TO
160.3,Admin,1989-04-20,TO
190.1,Admin,1997-12-04,TO
215.7,Admin,2006-03-19,TO
235.6,Admin,2012-07-21,TO
248.9,Admin,2019-10-12,TO
255.3,Admin,2023-04-28,TO

4000.2,Admin,1953-07-09,TT
6000.7,Admin,1968-11-11,TT
8200.5,Admin,1979-05-28,TT
10500.9,Admin,1988-04-01,TT
12500.4,Admin,1996-09-07,TT
14000.8,Admin,2004-03-18,TT
15000.6,Admin,2011-12-29,TT
15700.3,Admin,2018-02-26,TT
16050.9,Admin,2023-05-17,TT

9000.5,Admin,1947-10-27,TM
13000.8,Admin,1960-01-06,TM
16500.1,Admin,1976-08-10,TM
19500.4,Admin,1989-02-22,TM
22000.9,Admin,1999-12-19,TM
24500.6,Admin,2004-06-07,TM
26200.2,Admin,2012-05-01,TM
27300.7,Admin,2018-03-17,TM
28050.3,Admin,2023-09-20,TM

300.4,Admin,1973-02-01,TC
450.7,Admin,1985-06-26,TC
600.1,Admin,1998-09-22,TC
720.8,Admin,2005-04-19,TC
820.5,Admin,2012-11-03,TC
880.2,Admin,2019-03-29,TC
905.6,Admin,2023-06-14,TC

20.4,Admin,1960-09-13,TV
30.8,Admin,1978-03-17,TV
45.1,Admin,1993-07-21,TV
55.9,Admin,2002-12-08,TV
63.4,Admin,2011-06-19,TV
69.7,Admin,2018-02-05,TV
72.2,Admin,2023-08-27,TV

1500.3,Admin,1952-05-04,UG
2300.9,Admin,1965-12-09,UG
3000.2,Admin,1978-03-11,UG
3800.6,Admin,1989-09-24,UG
4300.3,Admin,1998-05-17,UG
4700.8,Admin,2005-04-29,UG
5000.1,Admin,2012-08-26,UG
5200.7,Admin,2018-07-03,UG
5350.5,Admin,2023-04-11,UG

8500.4,Admin,1948-01-14,UA
11500.2,Admin,1961-07-07,UA
15000.6,Admin,1975-02-18,UA
18500.3,Admin,1986-03-29,UA
21000.9,Admin,1999-04-05,UA
23000.2,Admin,2004-09-27,UA
24500.7,Admin,2011-02-14,UA
25800.4,Admin,2017-05-09,UA
26500.9,Admin,2023-08-21,UA

9000.4,Admin,1949-10-03,HU
13000.8,Admin,1962-05-15,HU
17000.1,Admin,1974-01-23,HU
19800.7,Admin,1989-07-19,HU
22000.5,Admin,1997-12-29,HU
23800.9,Admin,2004-03-17,HU
25000.3,Admin,2011-11-09,HU
25800.7,Admin,2018-06-11,HU
26200.1,Admin,2023-04-01,HU

4000.6,Admin,1951-02-11,UY
6200.9,Admin,1965-04-25,UY
8200.3,Admin,1978-05-03,UY
10200.7,Admin,1989-12-29,UY
11800.2,Admin,1999-10-07,UY
13000.4,Admin,2004-07-19,UY
13800.8,Admin,2012-09-30,UY
14400.3,Admin,2017-11-08,UY
14800.6,Admin,2023-02-15,UY

18000.5,Admin,1951-06-30,UZ
23000.1,Admin,1963-11-14,UZ
28000.4,Admin,1974-09-25,UZ
32000.8,Admin,1985-06-11,UZ
35000.3,Admin,1996-03-28,UZ
37500.9,Admin,2003-07-13,UZ
39500.6,Admin,2011-10-20,UZ
41000.1,Admin,2017-01-06,UZ
42000.7,Admin,2023-03-04,UZ

200.3,Admin,1957-09-14,VU
300.7,Admin,1972-08-04,VU
450.2,Admin,1984-01-28,VU
580.9,Admin,1996-05-17,VU
700.5,Admin,2003-12-01,VU
820.1,Admin,2010-08-19,VU
890.6,Admin,2017-11-22,VU
930.4,Admin,2023-08-12,VU

50.1,Admin,1952-04-09,VA
80.5,Admin,1968-06-15,VA
120.9,Admin,1979-02-06,VA
150.3,Admin,1990-09-18,VA
170.8,Admin,2002-01-11,VA
185.4,Admin,2010-05-23,VA
198.2,Admin,2016-12-14,VA
205.6,Admin,2023-03-27,VA

15000.3,Admin,1947-02-19,VE
19500.7,Admin,1961-04-28,VE
24500.2,Admin,1976-10-09,VE
29000.9,Admin,1987-03-24,VE
32500.5,Admin,1998-12-18,VE
35200.7,Admin,2004-11-01,VE
37000.3,Admin,2011-06-27,VE
38400.8,Admin,2017-10-22,VE
39200.4,Admin,2023-07-15,VE

22000.4,Admin,1951-05-23,AE
30000.8,Admin,1964-08-12,AE
38000.2,Admin,1978-03-31,AE
45000.9,Admin,1989-12-10,AE
50000.4,Admin,1998-04-06,AE
54000.7,Admin,2004-01-19,AE
57000.3,Admin,2010-10-29,AE
59200.6,Admin,2017-08-13,AE
60500.2,Admin,2023-01-30,AE

50000.6,Admin,1946-06-09,US
65000.3,Admin,1960-03-21,US
82000.1,Admin,1975-08-27,US
95000.8,Admin,1988-10-04,US
110000.4,Admin,1999-07-15,US
120500.7,Admin,2004-12-03,US
128000.5,Admin,2012-04-19,US
133000.2,Admin,2017-09-05,US
136500.9,Admin,2023-08-14,US

5.7,Admin,1965-04-13,UM
8.2,Admin,1979-11-29,UM
10.4,Admin,1986-08-15,UM
11.9,Admin,1996-01-03,UM
13.1,Admin,2003-07-28,UM
14.2,Admin,2011-06-20,UM
14.9,Admin,2018-01-06,UM
15.3,Admin,2023-02-18,UM

70000.4,Admin,1949-12-21,GB
90000.8,Admin,1963-02-28,GB
110000.2,Admin,1978-04-12,GB
125000.7,Admin,1989-03-27,GB
135000.1,Admin,1998-08-09,GB
142000.5,Admin,2004-10-31,GB
147500.3,Admin,2011-11-22,GB
151000.7,Admin,2017-07-04,GB
153500.2,Admin,2023-05-10,GB

20000.5,Admin,1947-03-01,VN
26000.8,Admin,1961-10-24,VN
31000.3,Admin,1975-05-18,VN
36000.9,Admin,1987-02-11,VN
40000.2,Admin,1998-06-30,VN
43000.7,Admin,2004-12-19,VN
45000.4,Admin,2011-08-02,VN
46500.9,Admin,2017-09-25,VN
47400.3,Admin,2023-04-01,VN

200.4,Admin,1954-07-17,WF
320.7,Admin,1968-04-05,WF
440.3,Admin,1982-08-13,WF
550.9,Admin,1996-02-24,WF
630.4,Admin,2003-11-12,WF
690.7,Admin,2011-05-30,WF
725.2,Admin,2018-07-21,WF
750.5,Admin,2023-03-14,WF

50.7,Admin,1958-02-09,CX
80.1,Admin,1969-07-25,CX
110.8,Admin,1981-12-14,CX
135.4,Admin,1998-03-09,CX
150.9,Admin,2006-11-20,CX
165.3,Admin,2012-06-07,CX
175.6,Admin,2018-12-29,CX
182.1,Admin,2023-06-01,CX

100.5,Admin,1962-10-28,EH
180.2,Admin,1974-03-15,EH
260.8,Admin,1987-04-22,EH
340.4,Admin,1999-02-01,EH
400.9,Admin,2004-09-10,EH
450.5,Admin,2011-02-28,EH
485.3,Admin,2017-07-13,EH
505.8,Admin,2023-09-04,EH

900.6,Admin,1953-06-10,CF
1400.9,Admin,1964-05-24,CF
1900.3,Admin,1978-11-06,CF
2400.7,Admin,1989-04-18,CF
2800.5,Admin,1997-07-01,CF
3100.8,Admin,2004-03-29,CF
3300.2,Admin,2010-08-25,CF
3450.7,Admin,2017-01-12,CF
3550.4,Admin,2023-02-26,CF

2000.8,Admin,1951-09-20,CY
3000.3,Admin,1963-02-15,CY
4000.9,Admin,1976-01-07,CY
5000.4,Admin,1988-09-29,CY
5800.2,Admin,1999-05-14,CY
6400.7,Admin,2003-08-10,CY
6850.1,Admin,2011-03-28,CY
7100.3,Admin,2017-11-04,CY
7250.6,Admin,2023-06-22,CY
